kind,param,value,seed,success,state,steps,sim_time,path_length,collisions,first_detect_t,reach_t,homing_t,est_err_cm,known_frac,oracle_len,path_eff,victim_x,victim_y,wall_s
baseline,,nan,0,1,reached,467,46.7,25.06779057246871,0,31.5,46.7,15.200000000000003,1.2059593202241532,0.9966666666666667,17.702438661763956,0.686236731236176,14.0,10.5,3.3002378919999273
baseline,,nan,1,1,reached,427,42.7,23.056430205397913,0,28.700000000000003,42.7,14.0,1.3514389698354856,0.9966145833333333,17.702438661763956,0.7461015650955612,14.0,10.5,2.965979858999958
baseline,,nan,2,1,reached,428,42.800000000000004,22.615782500395206,0,29.1,42.800000000000004,13.700000000000003,0.5314984171679701,0.9966666666666667,17.702438661763956,0.7606386673316896,14.0,10.5,3.073153272000013
baseline,,nan,3,1,reached,445,44.5,23.900870266996545,0,30.8,44.5,13.7,2.7719417935151616,0.9966666666666667,17.702438661763956,0.7197411002024432,14.0,10.5,3.1460210420000294
baseline,,nan,4,1,reached,438,43.800000000000004,23.31584480691917,0,30.0,43.800000000000004,13.800000000000004,2.502718646829084,0.9966666666666667,17.702438661763956,0.7378003586925141,14.0,10.5,3.274666529000001
baseline,,nan,5,1,reached,404,40.400000000000006,22.08804045701409,0,26.6,40.400000000000006,13.800000000000004,1.4883832448906125,0.9966666666666667,17.702438661763956,0.7788123484852318,14.0,10.5,2.8174839240000438
baseline,,nan,6,1,reached,419,41.900000000000006,22.834949345150367,0,28.1,41.900000000000006,13.800000000000004,0.6275686931341934,0.9966666666666667,17.702438661763956,0.7533381573021694,14.0,10.5,2.9381764119999616
baseline,,nan,7,1,reached,415,41.5,23.22840510234074,0,27.3,41.5,14.2,2.4708324889589184,0.9966666666666667,17.702438661763956,0.7405776929570793,14.0,10.5,2.9366470460000755
baseline,,nan,8,1,reached,430,43.0,22.63862016704409,0,28.8,43.0,14.2,3.4311308643098157,0.99625,17.702438661763956,0.7598713408693614,14.0,10.5,2.9815205830000195
baseline,,nan,9,1,reached,405,40.5,22.135297641078296,0,26.8,40.5,13.7,3.77172512732388,0.9966666666666667,17.702438661763956,0.7771496431039614,14.0,10.5,2.803483323000023
baseline,,nan,10,1,reached,429,42.900000000000006,23.43071485796034,0,29.1,42.900000000000006,13.800000000000004,4.8645450452988594,0.9966666666666667,17.702438661763956,0.7341832618444251,14.0,10.5,2.997317689000056
baseline,,nan,11,1,reached,430,43.0,23.150610348394853,0,29.200000000000003,43.0,13.799999999999997,0.3933726267752691,0.9966666666666667,17.702438661763956,0.7430663124161082,14.0,10.5,2.9387734889999138
baseline,,nan,12,1,reached,392,39.2,22.338128556886275,0,25.200000000000003,39.2,14.0,1.5160430404130147,0.9966666666666667,17.702438661763956,0.770093099695269,14.0,10.5,2.7296477480000476
baseline,,nan,13,1,reached,411,41.1,22.42155549814023,0,27.200000000000003,41.1,13.899999999999999,2.625847536176455,0.9966666666666667,17.702438661763956,0.7672277092100422,14.0,10.5,2.9229652630000373
baseline,,nan,14,1,reached,446,44.6,24.007936313219208,0,30.3,44.6,14.3,1.00217704323753,0.9966666666666667,17.702438661763956,0.71653133519402,14.0,10.5,3.214301427999999
baseline,,nan,15,1,reached,390,39.0,22.26175386040945,0,25.200000000000003,39.0,13.799999999999997,2.266949336169271,0.9966666666666667,17.702438661763956,0.7727351029766332,14.0,10.5,2.766071276000048
baseline,,nan,16,1,reached,429,42.900000000000006,23.47419240648604,0,29.1,42.900000000000006,13.800000000000004,0.8362427853218245,0.9966666666666667,17.702438661763956,0.7328234498500078,14.0,10.5,3.062611740999955
baseline,,nan,17,1,reached,395,39.5,21.507507882359548,0,25.200000000000003,39.5,14.299999999999997,4.939835049968125,0.9959375,17.702438661763956,0.7998341209896007,14.0,10.5,2.9993203729999323
baseline,,nan,18,1,reached,442,44.2,23.58994628635295,0,29.3,44.2,14.900000000000002,3.1309113356702833,0.9966666666666667,17.702438661763956,0.7292275468942361,14.0,10.5,3.108255852999946
baseline,,nan,19,1,reached,291,29.1,16.586390392106676,0,15.4,29.1,13.700000000000001,0.523718318879613,0.9944791666666667,17.702438661763956,1.0371417924632025,14.0,10.5,2.135338700000034
baseline,,nan,20,1,reached,410,41.0,23.284936907050074,0,26.8,41.0,14.2,1.9232080414358061,0.9966666666666667,17.702438661763956,0.7387796982415488,14.0,10.5,2.891726179999978
baseline,,nan,21,1,reached,419,41.900000000000006,22.894284226942844,0,28.1,41.900000000000006,13.800000000000004,0.024276347755619956,0.9966666666666667,17.702438661763956,0.7513857385206867,14.0,10.5,3.1308137319999787
baseline,,nan,22,1,reached,436,43.6,23.946192430688715,0,29.8,43.6,13.8,2.1347173016402565,0.9966666666666667,17.702438661763956,0.7183788701087123,14.0,10.5,3.118476636999958
baseline,,nan,23,1,reached,428,42.800000000000004,23.635855722488568,0,29.1,42.800000000000004,13.700000000000003,1.619548914433618,0.9966666666666667,17.702438661763956,0.7278111215324659,14.0,10.5,3.1090513699999747
baseline,,nan,24,1,reached,435,43.5,23.6449735382824,0,29.700000000000003,43.5,13.799999999999997,1.4934860928004996,0.9966145833333333,17.702438661763956,0.7275304678989107,14.0,10.5,3.0974658789999694
baseline,,nan,25,1,reached,401,40.1,22.33157825209287,0,26.400000000000002,40.1,13.7,5.383367101843726,0.9966666666666667,17.702438661763956,0.7703189836191617,14.0,10.5,2.934863360999998
baseline,,nan,26,1,reached,424,42.400000000000006,23.109987310497896,0,28.700000000000003,42.400000000000006,13.700000000000003,4.096781387648076,0.9966666666666667,17.702438661763956,0.7443724840969347,14.0,10.5,3.056557810999948
baseline,,nan,27,1,reached,473,47.300000000000004,25.05619780619894,0,32.0,47.300000000000004,15.300000000000004,2.4817392616993903,0.9966666666666667,17.702438661763956,0.686554232801756,14.0,10.5,3.4474518179999905
baseline,,nan,28,1,reached,426,42.6,23.6826997962336,0,27.8,42.6,14.8,0.9625861722891429,0.9966666666666667,17.702438661763956,0.7263715205518825,14.0,10.5,3.000341588000083
baseline,,nan,29,1,reached,416,41.6,23.86358224977412,0,26.900000000000002,41.6,14.7,3.5437109444739323,0.9966666666666667,17.702438661763956,0.7208657309581753,14.0,10.5,3.1124188140000797
baseline,,nan,30,1,reached,409,40.900000000000006,22.624354974800887,0,27.1,40.900000000000006,13.800000000000004,2.6498345484470236,0.9966666666666667,17.702438661763956,0.7603504577666022,14.0,10.5,2.91247273099998
baseline,,nan,31,1,reached,415,41.5,23.011562238464446,0,27.700000000000003,41.5,13.799999999999997,3.6110684083345443,0.9965625,17.702438661763956,0.74755631466905,14.0,10.5,3.0452309149999337
baseline,,nan,32,1,reached,455,45.5,23.816021747671858,0,31.3,45.5,14.2,0.7022728984171873,0.9966666666666667,17.702438661763956,0.7223052969980424,14.0,10.5,3.300285688000031
baseline,,nan,33,1,reached,414,41.400000000000006,23.03472413146179,0,27.6,41.400000000000006,13.800000000000004,3.221024929911931,0.9966666666666667,17.702438661763956,0.7468046312856921,14.0,10.5,2.9068355499999825
baseline,,nan,34,1,reached,388,38.800000000000004,22.35072234761108,0,24.900000000000002,38.800000000000004,13.900000000000002,1.4536178571834562,0.9966666666666667,17.702438661763956,0.7696591812211658,14.0,10.5,2.6711854459999813
baseline,,nan,35,1,reached,364,36.4,20.39340968038351,0,22.6,36.4,13.799999999999997,4.027650979396104,0.995625,17.702438661763956,0.8435293034058469,14.0,10.5,2.6149989220000407
baseline,,nan,36,1,reached,434,43.400000000000006,24.215685863343335,0,28.400000000000002,43.400000000000006,15.000000000000004,3.65485069587851,0.9966666666666667,17.702438661763956,0.7103841187419874,14.0,10.5,3.1004926419999492
baseline,,nan,37,1,reached,433,43.300000000000004,23.716693311484264,0,29.5,43.300000000000004,13.800000000000004,2.140633937499538,0.9966666666666667,17.702438661763956,0.7253304006521883,14.0,10.5,3.1681745019999425
baseline,,nan,38,1,reached,407,40.7,22.039658348739952,0,27.1,40.7,13.600000000000001,1.5638863988287641,0.9966666666666667,17.702438661763956,0.7805220203310208,14.0,10.5,2.8316040890000522
baseline,,nan,39,1,reached,401,40.1,22.311983216579108,0,26.400000000000002,40.1,13.7,0.5581912332313247,0.9966666666666667,17.702438661763956,0.7709955002557343,14.0,10.5,2.9691172999999935
baseline,,nan,40,1,reached,436,43.6,23.950145171249492,0,28.8,43.6,14.8,0.5839475714475,0.9966666666666667,17.702438661763956,0.7182603086019831,14.0,10.5,3.2254927259999704
baseline,,nan,41,1,reached,400,40.0,22.499232800500316,0,26.1,40.0,13.899999999999999,3.4882004039777432,0.9966145833333333,17.702438661763956,0.7645788998361502,14.0,10.5,2.740950185000088
baseline,,nan,42,1,reached,417,41.7,22.92181901646198,0,28.0,41.7,13.700000000000003,2.737531929494583,0.9966666666666667,17.702438661763956,0.750483137896234,14.0,10.5,2.9497942209999337
baseline,,nan,43,1,reached,444,44.400000000000006,23.984354818382894,0,30.6,44.400000000000006,13.800000000000004,1.6462300341393394,0.9966666666666667,17.702438661763956,0.7172358311084978,14.0,10.5,3.0904309489999378
baseline,,nan,44,1,reached,435,43.5,23.945519374113022,0,29.6,43.5,13.899999999999999,1.3272662388987364,0.9966666666666667,17.702438661763956,0.7183990621795048,14.0,10.5,3.107267858
baseline,,nan,45,1,reached,434,43.400000000000006,24.09701881923519,0,29.6,43.400000000000006,13.800000000000004,1.9038124291249705,0.9966666666666667,17.702438661763956,0.7138824429199637,14.0,10.5,3.132720029999973
baseline,,nan,46,1,reached,427,42.7,23.497391278937844,0,28.8,42.7,13.900000000000002,3.5684659565913317,0.9966145833333333,17.702438661763956,0.7320999364377764,14.0,10.5,3.006260100000077
baseline,,nan,47,1,reached,405,40.5,22.749170537036168,0,26.700000000000003,40.5,13.799999999999997,3.327459838551969,0.9966666666666667,17.702438661763956,0.7561787201761047,14.0,10.5,2.9196599990000323
baseline,,nan,48,1,reached,436,43.6,23.55456830876238,0,29.6,43.6,14.0,7.156081276456512,0.9966666666666667,17.702438661763956,0.7303228162056611,14.0,10.5,3.114354781999964
baseline,,nan,49,1,reached,413,41.300000000000004,22.58730575607923,0,27.6,41.300000000000004,13.700000000000003,1.439558918134853,0.9966666666666667,17.702438661763956,0.7615976357487448,14.0,10.5,2.9393405910000183
baseline,,nan,50,1,reached,452,45.2,24.26100007144534,0,30.3,45.2,14.900000000000002,1.3772265501337373,0.9966666666666667,17.702438661763956,0.7090572775691487,14.0,10.5,3.184327252999992
baseline,,nan,51,1,reached,436,43.6,23.567278087174163,0,28.8,43.6,14.8,1.9909369902876992,0.9966666666666667,17.702438661763956,0.7299289548047514,14.0,10.5,3.0160625890000574
baseline,,nan,52,1,reached,462,46.2,24.52733431847992,0,31.1,46.2,15.100000000000001,4.7845890870573315,0.9966666666666667,17.702438661763956,0.7013578580695139,14.0,10.5,3.2789324930000703
baseline,,nan,53,1,reached,420,42.0,22.80003109491151,0,28.200000000000003,42.0,13.799999999999997,1.9168240124795863,0.9966666666666667,17.702438661763956,0.7544918947765462,14.0,10.5,3.10400145299991
baseline,,nan,54,1,reached,430,43.0,23.44402521739715,0,29.200000000000003,43.0,13.799999999999997,0.7138983393229863,0.9966666666666667,17.702438661763956,0.7337664288553363,14.0,10.5,3.0499530019999384
baseline,,nan,55,1,reached,431,43.1,23.708004796451206,0,28.8,43.1,14.3,3.1665698747239084,0.9966666666666667,17.702438661763956,0.7255962199037073,14.0,10.5,3.2222347150000132
baseline,,nan,56,1,reached,400,40.0,22.311744492180758,0,26.3,40.0,13.7,1.9746913566300373,0.9966666666666667,17.702438661763956,0.7710037495182245,14.0,10.5,2.6968661930000053
baseline,,nan,57,1,reached,447,44.7,25.107383549836157,0,30.700000000000003,44.7,14.0,4.383205890789605,0.9966666666666667,17.702438661763956,0.6851545732600327,14.0,10.5,3.220370463999984
baseline,,nan,58,1,reached,394,39.400000000000006,22.724719001574204,0,25.8,39.400000000000006,13.600000000000005,4.118787223742079,0.9966666666666667,17.702438661763956,0.7569923597546925,14.0,10.5,2.8149557709999726
baseline,,nan,59,1,reached,404,40.400000000000006,23.08310644097282,0,26.3,40.400000000000006,14.100000000000005,2.519865746691086,0.9966666666666667,17.702438661763956,0.7452393249475903,14.0,10.5,3.6130669409999427
baseline,,nan,60,1,reached,413,41.300000000000004,22.58524533945112,0,27.3,41.300000000000004,14.000000000000004,0.38903064956976763,0.9966145833333333,17.702438661763956,0.7616671151105601,14.0,10.5,3.009894450000047
baseline,,nan,61,1,reached,421,42.1,23.259320340220683,0,28.200000000000003,42.1,13.899999999999999,1.6337347346612623,0.9966666666666667,17.702438661763956,0.7395933505424493,14.0,10.5,3.0287547570000015
baseline,,nan,62,1,reached,416,41.6,23.73040852403833,0,27.700000000000003,41.6,13.899999999999999,0.9355329014117444,0.9966666666666667,17.702438661763956,0.7249111891326397,14.0,10.5,2.888472288999992
baseline,,nan,63,1,reached,425,42.5,22.35206386299412,0,28.700000000000003,42.5,13.799999999999997,1.441071960082284,0.9963541666666667,17.702438661763956,0.7696129881878229,14.0,10.5,3.623578594000037
baseline,,nan,64,1,reached,409,40.900000000000006,22.60892797930242,0,27.200000000000003,40.900000000000006,13.700000000000003,2.219717143189464,0.9966666666666667,17.702438661763956,0.7608692759564766,14.0,10.5,3.800744709000014
baseline,,nan,65,1,reached,428,42.800000000000004,23.268188330413675,0,28.3,42.800000000000004,14.500000000000004,1.5169627631167006,0.9966666666666667,17.702438661763956,0.7393114761443965,14.0,10.5,3.917924558999971
baseline,,nan,66,1,reached,420,42.0,23.91293214920615,0,28.200000000000003,42.0,13.799999999999997,1.1561525100107577,0.9966666666666667,17.702438661763956,0.7193780567948893,14.0,10.5,3.554615068000089
baseline,,nan,67,1,reached,419,41.900000000000006,23.143424678390385,0,28.0,41.900000000000006,13.900000000000006,0.815763564492647,0.9966666666666667,17.702438661763956,0.7432970228397666,14.0,10.5,4.7078234159999965
baseline,,nan,68,1,reached,406,40.6,22.33152185257506,0,26.700000000000003,40.6,13.899999999999999,0.414691086252011,0.9965625,17.702438661763956,0.7703209291031965,14.0,10.5,4.616394946000014
baseline,,nan,69,1,reached,429,42.900000000000006,23.757939949445284,0,29.0,42.900000000000006,13.900000000000006,0.14456255609797472,0.9966145833333333,17.702438661763956,0.7240711399376026,14.0,10.5,4.157683349999957
baseline,,nan,70,1,reached,389,38.900000000000006,22.31024869355468,0,25.0,38.900000000000006,13.900000000000006,1.2552629179600951,0.9966666666666667,17.702438661763956,0.7710554417411607,14.0,10.5,3.400784625999904
baseline,,nan,71,1,reached,425,42.5,23.481211874998767,0,28.700000000000003,42.5,13.799999999999997,1.0105468240527533,0.9966666666666667,17.702438661763956,0.7326043797628677,14.0,10.5,3.7934397499999477
baseline,,nan,72,1,reached,427,42.7,23.7644489000358,0,29.0,42.7,13.700000000000003,0.11863763336551647,0.9966666666666667,17.702438661763956,0.723872820873117,14.0,10.5,3.9287836120000748
baseline,,nan,73,1,reached,460,46.0,24.519391365060756,0,30.8,46.0,15.2,0.4464966399315478,0.9966666666666667,17.702438661763956,0.7015850599895725,14.0,10.5,4.704841571000088
baseline,,nan,74,1,reached,388,38.800000000000004,22.36416155745035,0,25.0,38.800000000000004,13.800000000000004,0.9868969307566582,0.9966666666666667,17.702438661763956,0.7691966728809994,14.0,10.5,3.469226251000009
baseline,,nan,75,1,reached,429,42.900000000000006,23.836111550943418,0,29.0,42.900000000000006,13.900000000000006,2.113138278115156,0.9966666666666667,17.702438661763956,0.7216965160193293,14.0,10.5,3.590152427000021
baseline,,nan,76,1,reached,428,42.800000000000004,22.91210358047865,0,29.1,42.800000000000004,13.700000000000003,1.0945275820412677,0.9966666666666667,17.702438661763956,0.7508013658082714,14.0,10.5,4.19143935000011
baseline,,nan,77,0,searching,700,70.0,10.594069345547993,0,nan,nan,nan,nan,0.6618229166666667,17.702438661763956,1.6237800698362463,14.0,10.5,8.945987391000017
baseline,,nan,78,1,reached,431,43.1,22.635688181734334,0,29.3,43.1,13.8,0.6021037747454747,0.9966666666666667,17.702438661763956,0.7599697664878292,14.0,10.5,3.360768463999989
baseline,,nan,79,1,reached,425,42.5,23.26097680610621,0,28.700000000000003,42.5,13.799999999999997,1.2901923780839488,0.9966666666666667,17.702438661763956,0.7395406824552684,14.0,10.5,2.9285403860000088
baseline,,nan,80,1,reached,412,41.2,22.685926438816576,0,27.400000000000002,41.2,13.8,1.013780013460777,0.9966666666666667,17.702438661763956,0.7582868042951008,14.0,10.5,3.2128370300000597
baseline,,nan,81,1,reached,399,39.900000000000006,22.325229618322478,0,26.1,39.900000000000006,13.800000000000004,0.9132743900404441,0.9966666666666667,17.702438661763956,0.7705380395122919,14.0,10.5,2.768657865000023
baseline,,nan,82,1,reached,392,39.2,22.330445543132296,0,25.400000000000002,39.2,13.8,0.7665732616800391,0.9966666666666667,17.702438661763956,0.7703580579499252,14.0,10.5,2.6861019330000317
baseline,,nan,83,1,reached,389,38.900000000000006,22.357570639529456,0,25.1,38.900000000000006,13.800000000000004,2.271570704220497,0.9966666666666667,17.702438661763956,0.7694234288294752,14.0,10.5,2.634206805999952
baseline,,nan,84,1,reached,455,45.5,24.655332010465866,0,30.400000000000002,45.5,15.099999999999998,1.3824626632784882,0.9966666666666667,17.702438661763956,0.6977167719526853,14.0,10.5,3.295038810000051
baseline,,nan,85,1,reached,428,42.800000000000004,23.425807041285527,0,29.0,42.800000000000004,13.800000000000004,1.9696185921889646,0.9966666666666667,17.702438661763956,0.7343370766883918,14.0,10.5,3.0140212189999147
baseline,,nan,86,1,reached,432,43.2,23.542920163624316,0,29.200000000000003,43.2,14.0,0.8836375326143308,0.9966666666666667,17.702438661763956,0.7306841522719468,14.0,10.5,3.076542189999941
baseline,,nan,87,1,reached,433,43.300000000000004,23.64672920213879,0,28.3,43.300000000000004,15.000000000000004,1.0978282190893962,0.9966666666666667,17.702438661763956,0.727476452016376,14.0,10.5,3.001319888000012
baseline,,nan,88,1,reached,395,39.5,22.460860711534355,0,25.8,39.5,13.7,1.9130831322713902,0.9966666666666667,17.702438661763956,0.7658851048806854,14.0,10.5,2.746489219999944
baseline,,nan,89,1,reached,460,46.0,24.7704197007868,0,30.900000000000002,46.0,15.099999999999998,1.115049225914489,0.9966666666666667,17.702438661763956,0.6944750581362795,14.0,10.5,3.208653277999929
baseline,,nan,90,1,reached,428,42.800000000000004,23.503707662111154,0,28.400000000000002,42.800000000000004,14.400000000000002,0.1535474147682591,0.9966666666666667,17.702438661763956,0.7319031920012741,14.0,10.5,2.9582846539999537
baseline,,nan,91,1,reached,454,45.400000000000006,24.380243481553467,0,30.700000000000003,45.400000000000006,14.700000000000003,0.658707848384658,0.9966666666666667,17.702438661763956,0.705589288916644,14.0,10.5,3.2217053460000216
baseline,,nan,92,1,reached,407,40.7,22.17749064817466,0,26.900000000000002,40.7,13.8,0.5337432890051779,0.9966666666666667,17.702438661763956,0.775671104304121,14.0,10.5,2.7804117599999927
baseline,,nan,93,1,reached,467,46.7,25.07580165379297,0,30.900000000000002,46.7,15.8,2.1100546055571248,0.9966666666666667,17.702438661763956,0.6860174960413246,14.0,10.5,3.4708138660000714
baseline,,nan,94,1,reached,397,39.7,22.506406574155505,0,25.900000000000002,39.7,13.8,0.29312967280566715,0.9966666666666667,17.702438661763956,0.7643351951847264,14.0,10.5,2.6907876169999554
baseline,,nan,95,1,reached,389,38.900000000000006,22.380124199006342,0,25.1,38.900000000000006,13.800000000000004,4.140209115175502,0.9966666666666667,17.702438661763956,0.7686480427364085,14.0,10.5,2.8306606300000112
baseline,,nan,96,1,reached,426,42.6,23.295279886526426,0,28.8,42.6,13.8,1.3773165998813772,0.9966145833333333,17.702438661763956,0.7384516840131867,14.0,10.5,2.9941342040000336
baseline,,nan,97,1,reached,453,45.300000000000004,24.065097097896594,0,31.400000000000002,45.300000000000004,13.900000000000002,1.1271277246986953,0.9966666666666667,17.702438661763956,0.7148293892929081,14.0,10.5,3.4655608399999664
baseline,,nan,98,1,reached,394,39.400000000000006,22.369443955300238,0,25.700000000000003,39.400000000000006,13.700000000000003,7.114231942661209,0.9966666666666667,17.702438661763956,0.7690150321187574,14.0,10.5,2.75571448900007
baseline,,nan,99,1,reached,438,43.800000000000004,23.10226619841773,0,29.900000000000002,43.800000000000004,13.900000000000002,2.4301744972503125,0.9966666666666667,17.702438661763956,0.7446212641659435,14.0,10.5,3.101811356999974
sweep,bearing_noise,0.0,0,1,reached,468,46.800000000000004,25.100950935314394,0,31.5,46.800000000000004,15.300000000000004,0.2648213164616075,0.9966666666666667,17.702438661763956,0.685330157653985,14.0,10.5,3.454116569000007
sweep,bearing_noise,0.0,1,1,reached,426,42.6,23.013955047025917,0,28.700000000000003,42.6,13.899999999999999,4.6278006392216176,0.9966666666666667,17.702438661763956,0.7474785896910414,14.0,10.5,2.984104577000039
sweep,bearing_noise,0.0,2,1,reached,428,42.800000000000004,22.61983137780965,0,29.1,42.800000000000004,13.700000000000003,0.08408472266323504,0.9966666666666667,17.702438661763956,0.7605025154449105,14.0,10.5,3.06990065399998
sweep,bearing_noise,0.0,3,1,reached,445,44.5,23.900974705404717,0,30.8,44.5,13.7,2.711531858929646,0.9966666666666667,17.702438661763956,0.7197379552003783,14.0,10.5,3.1702403020000247
sweep,bearing_noise,0.0,4,1,reached,438,43.800000000000004,23.32008813894482,0,30.0,43.800000000000004,13.800000000000004,2.5388171526807746,0.9966666666666667,17.702438661763956,0.7376661082612155,14.0,10.5,3.227447325000071
sweep,bearing_noise,0.0,5,1,reached,404,40.400000000000006,22.093733029000795,0,26.6,40.400000000000006,13.800000000000004,1.2414429601932429,0.9966666666666667,17.702438661763956,0.7786116831946688,14.0,10.5,2.906865960999994
sweep,bearing_noise,0.0,6,1,reached,418,41.800000000000004,22.805321343185344,0,28.1,41.800000000000004,13.700000000000003,3.852425688304908,0.9966666666666667,17.702438661763956,0.7543168720533888,14.0,10.5,2.879730730999995
sweep,bearing_noise,0.0,7,1,reached,414,41.400000000000006,23.201194494711675,0,27.3,41.400000000000006,14.100000000000005,0.02555859535999174,0.9966666666666667,17.702438661763956,0.7414462503508156,14.0,10.5,2.9461743049999995
sweep,bearing_noise,0.0,8,1,reached,430,43.0,22.628620308404884,0,28.8,43.0,14.2,3.4910953311336903,0.99625,17.702438661763956,0.7602071371260096,14.0,10.5,2.99833667300004
sweep,bearing_noise,0.0,9,1,reached,405,40.5,22.145325981011602,0,26.8,40.5,13.7,3.7791090038733097,0.9966666666666667,17.702438661763956,0.7767977168868094,14.0,10.5,2.79281915699994
sweep,bearing_noise,0.0,10,1,reached,429,42.900000000000006,23.43274554229355,0,29.1,42.900000000000006,13.800000000000004,4.843312240214334,0.9966666666666667,17.702438661763956,0.7341196374413502,14.0,10.5,3.0984020099999725
sweep,bearing_noise,0.0,11,1,reached,430,43.0,23.150647357924953,0,29.200000000000003,43.0,13.799999999999997,0.39600538051482975,0.9966666666666667,17.702438661763956,0.7430651245212458,14.0,10.5,2.99357174499994
sweep,bearing_noise,0.0,12,1,reached,392,39.2,22.339519221888658,0,25.200000000000003,39.2,14.0,1.3913742033225824,0.9966666666666667,17.702438661763956,0.7700451603680307,14.0,10.5,2.7550532689999727
sweep,bearing_noise,0.0,13,1,reached,410,41.0,22.390403577288435,0,27.200000000000003,41.0,13.799999999999997,3.8161844494314168,0.9966666666666667,17.702438661763956,0.7682951583424401,14.0,10.5,2.8234665190000214
sweep,bearing_noise,0.0,14,1,reached,445,44.5,23.9874124116355,0,30.3,44.5,14.2,0.7225696014492868,0.9966666666666667,17.702438661763956,0.7171444075151525,14.0,10.5,3.080433562000053
sweep,bearing_noise,0.0,15,1,reached,390,39.0,22.252687014409556,0,25.200000000000003,39.0,13.799999999999997,2.1830671707307103,0.9966666666666667,17.702438661763956,0.7730499535011053,14.0,10.5,2.6609978099999125
sweep,bearing_noise,0.0,16,1,reached,428,42.800000000000004,23.439847504805808,0,29.1,42.800000000000004,13.700000000000003,1.330549476750152,0.9966666666666667,17.702438661763956,0.7338972089403306,14.0,10.5,3.0376371269999254
sweep,bearing_noise,0.0,17,1,reached,395,39.5,21.506669529724267,0,25.200000000000003,39.5,14.299999999999997,4.648355644083047,0.9959375,17.702438661763956,0.7998652993662523,14.0,10.5,2.8004136700000117
sweep,bearing_noise,0.0,18,1,reached,442,44.2,23.596970558994578,0,29.3,44.2,14.900000000000002,3.1540924521406097,0.9966666666666667,17.702438661763956,0.7290104727111597,14.0,10.5,3.1342235580000306
sweep,bearing_noise,0.0,19,1,reached,292,29.200000000000003,16.616071630332165,0,15.4,29.200000000000003,13.800000000000002,1.752007019066827,0.9944791666666667,17.702438661763956,1.0352891492331675,14.0,10.5,2.214176918000021
sweep,bearing_noise,0.05,0,1,reached,468,46.800000000000004,25.092912127942242,0,31.5,46.800000000000004,15.300000000000004,1.5260021564814321,0.9966666666666667,17.702438661763956,0.6855497111715527,14.0,10.5,3.309438989
sweep,bearing_noise,0.05,1,1,reached,427,42.7,23.056219244771984,0,28.700000000000003,42.7,14.0,1.3656261768474656,0.9966666666666667,17.702438661763956,0.7461083918025555,14.0,10.5,2.990539021000018
sweep,bearing_noise,0.05,2,1,reached,429,42.900000000000006,22.642632116928077,0,29.1,42.900000000000006,13.800000000000004,1.7795914241563533,0.9966666666666667,17.702438661763956,0.7597367025586692,14.0,10.5,3.050959788
sweep,bearing_noise,0.05,3,1,reached,446,44.6,23.930537246387217,0,30.8,44.6,13.8,3.8406492525704805,0.9966666666666667,17.702438661763956,0.7188488283672362,14.0,10.5,3.086616661999983
sweep,bearing_noise,0.05,4,1,reached,438,43.800000000000004,23.319711051968696,0,30.0,43.800000000000004,13.800000000000004,2.511340309174425,0.9966666666666667,17.702438661763956,0.7376780365514731,14.0,10.5,3.080709597000009
sweep,bearing_noise,0.05,5,1,reached,404,40.400000000000006,22.083668644849197,0,26.6,40.400000000000006,13.800000000000004,1.882006256672138,0.9966666666666667,17.702438661763956,0.778966526731339,14.0,10.5,2.78498811999998
sweep,bearing_noise,0.05,6,1,reached,419,41.900000000000006,22.834962973025377,0,28.1,41.900000000000006,13.800000000000004,0.5792103052302867,0.9966666666666667,17.702438661763956,0.7533377077109763,14.0,10.5,2.9405103489999647
sweep,bearing_noise,0.05,7,1,reached,415,41.5,23.2120775869324,0,27.3,41.5,14.2,2.4517338455072784,0.9966666666666667,17.702438661763956,0.7410986197740584,14.0,10.5,2.9457056269999384
sweep,bearing_noise,0.05,8,1,reached,431,43.1,22.60863778098863,0,28.8,43.1,14.3,3.5533086321435787,0.99625,17.702438661763956,0.7608790422671687,14.0,10.5,3.003818937999995
sweep,bearing_noise,0.05,9,1,reached,407,40.7,22.19179994479036,0,26.8,40.7,13.900000000000002,0.7525696819297059,0.9966666666666667,17.702438661763956,0.7751709507367975,14.0,10.5,2.821166183999935
sweep,bearing_noise,0.05,10,1,reached,430,43.0,23.46379123777414,0,29.1,43.0,13.899999999999999,3.4465193009518806,0.9966666666666667,17.702438661763956,0.7331483001804888,14.0,10.5,3.025917219000007
sweep,bearing_noise,0.05,11,1,reached,430,43.0,23.152233573206797,0,29.200000000000003,43.0,13.799999999999997,0.38946134092222917,0.9966666666666667,17.702438661763956,0.7430142153399699,14.0,10.5,3.1368343809999715
sweep,bearing_noise,0.05,12,1,reached,392,39.2,22.318932134345243,0,25.200000000000003,39.2,14.0,1.6711039187234888,0.9966666666666667,17.702438661763956,0.7707554536308739,14.0,10.5,2.698149193000063
sweep,bearing_noise,0.05,13,1,reached,411,41.1,22.398655962715896,0,27.200000000000003,41.1,13.899999999999999,2.555858724954864,0.9966666666666667,17.702438661763956,0.7680120936898446,14.0,10.5,2.85314912299998
sweep,bearing_noise,0.05,14,1,reached,446,44.6,23.999616499479448,0,30.3,44.6,14.3,1.7419368245994042,0.9966666666666667,17.702438661763956,0.7167797311318319,14.0,10.5,3.2161686289999807
sweep,bearing_noise,0.05,15,1,reached,390,39.0,22.25868799346842,0,25.200000000000003,39.0,13.799999999999997,2.3952467832174933,0.9966666666666667,17.702438661763956,0.7728415379564075,14.0,10.5,2.773005315999967
sweep,bearing_noise,0.05,16,1,reached,432,43.2,23.53738767859392,0,29.1,43.2,14.100000000000001,1.0855414762985591,0.9966666666666667,17.702438661763956,0.7308559002666518,14.0,10.5,2.9722178160000112
sweep,bearing_noise,0.05,17,1,reached,395,39.5,21.49536772899591,0,25.200000000000003,39.5,14.299999999999997,5.364874524182676,0.9959375,17.702438661763956,0.800285851288738,14.0,10.5,2.826535345000025
sweep,bearing_noise,0.05,18,1,reached,442,44.2,23.57996614138572,0,29.3,44.2,14.900000000000002,3.098805060966674,0.9966666666666667,17.702438661763956,0.7295361901123164,14.0,10.5,3.110341393999988
sweep,bearing_noise,0.05,19,1,reached,292,29.200000000000003,16.607565793385483,0,15.4,29.200000000000003,13.800000000000002,1.9547807228633096,0.9944791666666667,17.702438661763956,1.0358193895348229,14.0,10.5,2.035692675000064
sweep,bearing_noise,0.15,0,1,reached,471,47.1,25.14455165635052,0,31.5,47.1,15.600000000000001,5.175788211765639,0.9966666666666667,17.702438661763956,0.6841417932945844,14.0,10.5,3.3660591499999555
sweep,bearing_noise,0.15,1,1,reached,429,42.900000000000006,23.08749674296377,0,28.700000000000003,42.900000000000006,14.200000000000003,3.4779772381505967,0.9966666666666667,17.702438661763956,0.7450976107665997,14.0,10.5,3.0574116110000205
sweep,bearing_noise,0.15,2,1,reached,430,43.0,22.64758428826555,0,29.1,43.0,13.899999999999999,4.370785200817229,0.9966666666666667,17.702438661763956,0.7595705768353007,14.0,10.5,3.0934039879999773
sweep,bearing_noise,0.15,3,1,reached,451,45.1,24.057120678060876,0,30.8,45.1,14.3,4.568150373464524,0.9966666666666667,17.702438661763956,0.715066399340628,14.0,10.5,3.1605599199999688
sweep,bearing_noise,0.15,4,1,reached,441,44.1,23.420724883724727,0,30.0,44.1,14.100000000000001,5.957886498545366,0.9966666666666667,17.702438661763956,0.7344964234526355,14.0,10.5,3.169411582999942
sweep,bearing_noise,0.15,5,1,reached,407,40.7,22.15923273862497,0,26.6,40.7,14.100000000000001,4.098449782498618,0.9966666666666667,17.702438661763956,0.776310211850386,14.0,10.5,2.9048404269999537
sweep,bearing_noise,0.15,6,1,reached,420,42.0,22.853001472316162,0,28.1,42.0,13.899999999999999,1.9028786924554693,0.9966666666666667,17.702438661763956,0.7527430776479306,14.0,10.5,2.9023128789999646
sweep,bearing_noise,0.15,7,1,reached,420,42.0,23.30108630463209,0,27.3,42.0,14.7,4.368406511062785,0.9966666666666667,17.702438661763956,0.7382676685912379,14.0,10.5,2.96140416500009
sweep,bearing_noise,0.15,8,1,reached,438,43.800000000000004,22.72670628624754,0,28.8,43.800000000000004,15.000000000000004,2.135546955507553,0.99625,17.702438661763956,0.7569261662950937,14.0,10.5,3.2933819849999963
sweep,bearing_noise,0.15,9,1,reached,412,41.2,22.33013219512648,0,26.8,41.2,14.400000000000002,2.2463543859023827,0.9966666666666667,17.702438661763956,0.7703688680140623,14.0,10.5,2.9613775970000233
sweep,bearing_noise,0.15,10,1,reached,434,43.400000000000006,23.588855146497703,0,29.1,43.400000000000006,14.300000000000004,2.271702045027557,0.9966666666666667,17.702438661763956,0.7292612784693812,14.0,10.5,3.122011868999948
sweep,bearing_noise,0.15,11,1,reached,432,43.2,23.215923479252275,0,29.200000000000003,43.2,14.0,2.8964411045724945,0.9966666666666667,17.702438661763956,0.7409758512142547,14.0,10.5,3.000592415999904
sweep,bearing_noise,0.15,12,1,reached,393,39.300000000000004,22.36566542426659,0,25.200000000000003,39.300000000000004,14.100000000000001,4.219164464862291,0.9966666666666667,17.702438661763956,0.7691449521148354,14.0,10.5,2.7619549620000043
sweep,bearing_noise,0.15,13,1,reached,416,41.6,22.570602312721846,0,27.200000000000003,41.6,14.399999999999999,3.590918962046753,0.9966666666666667,17.702438661763956,0.7621612584112503,14.0,10.5,2.8516646589999937
sweep,bearing_noise,0.15,14,1,reached,449,44.900000000000006,24.076616209619797,0,30.3,44.900000000000006,14.600000000000005,5.629757738253035,0.9966666666666667,17.702438661763956,0.7144873894235492,14.0,10.5,3.13496084399992
sweep,bearing_noise,0.15,15,1,reached,393,39.300000000000004,22.338244013827573,0,25.200000000000003,39.300000000000004,14.100000000000001,3.7664606470155544,0.9966666666666667,17.702438661763956,0.7700891194095424,14.0,10.5,2.6573882029999822
sweep,bearing_noise,0.15,16,1,reached,434,43.400000000000006,23.566325084564625,0,29.1,43.400000000000006,14.300000000000004,3.4566459686511806,0.9966666666666667,17.702438661763956,0.7299584725253213,14.0,10.5,3.12496408100003
sweep,bearing_noise,0.15,17,1,reached,402,40.2,21.678405041655914,0,25.200000000000003,40.2,15.0,6.051383738038405,0.9959375,17.702438661763956,0.7935287964547572,14.0,10.5,2.814176036000049
sweep,bearing_noise,0.15,18,1,reached,444,44.400000000000006,23.673227222159937,0,29.3,44.400000000000006,15.100000000000005,4.720083083601143,0.9966666666666667,17.702438661763956,0.7266621698988792,14.0,10.5,3.3386287740000853
sweep,bearing_noise,0.15,19,1,reached,296,29.6,16.702302823409063,0,15.4,29.6,14.200000000000001,4.998560539859485,0.9944791666666667,17.702438661763956,1.0299441246900356,14.0,10.5,2.1060712470000453
sweep,bearing_noise,0.3,0,1,reached,477,47.7,25.320613106062588,0,31.5,47.7,16.200000000000003,1.641431869047012,0.9966666666666667,17.702438661763956,0.6793847601441028,14.0,10.5,3.3427633979999882
sweep,bearing_noise,0.3,1,1,reached,433,43.300000000000004,23.178554119456074,0,28.700000000000003,43.300000000000004,14.600000000000001,6.2057537875551825,0.9966666666666667,17.702438661763956,0.7421704810881293,14.0,10.5,3.079106673999945
sweep,bearing_noise,0.3,2,1,reached,432,43.2,22.73321759247346,0,29.1,43.2,14.100000000000001,11.811047000317975,0.9966666666666667,17.702438661763956,0.7567093655699385,14.0,10.5,3.317731518999949
sweep,bearing_noise,0.3,3,1,reached,454,45.400000000000006,24.137193464294583,0,30.8,45.400000000000006,14.600000000000005,4.647859082384926,0.9966666666666667,17.702438661763956,0.7126942362711307,14.0,10.5,3.2052346699999816
sweep,bearing_noise,0.3,4,1,reached,442,44.2,23.434816160932773,0,30.0,44.2,14.200000000000003,6.110956635499798,0.9966666666666667,17.702438661763956,0.7340547731900471,14.0,10.5,3.1956786060000013
sweep,bearing_noise,0.3,5,1,reached,409,40.900000000000006,22.145243086720892,0,26.6,40.900000000000006,14.300000000000004,6.072103717985158,0.9966666666666667,17.702438661763956,0.7768006246036276,14.0,10.5,3.030356944999994
sweep,bearing_noise,0.3,6,1,reached,427,42.7,22.86185384343811,0,28.1,42.7,14.600000000000001,7.650359067179102,0.9966666666666667,17.702438661763956,0.7524516069243204,14.0,10.5,2.9847831430000724
sweep,bearing_noise,0.3,7,1,reached,423,42.300000000000004,23.36941502187838,0,27.3,42.300000000000004,15.000000000000004,6.937167870358832,0.9966666666666667,17.702438661763956,0.7361090829898431,14.0,10.5,3.076670750000062
sweep,bearing_noise,0.3,8,1,reached,440,44.0,22.756558701241357,0,28.8,44.0,15.2,0.9916293492354434,0.99625,17.702438661763956,0.755933218532975,14.0,10.5,3.0080197500000168
sweep,bearing_noise,0.3,9,1,reached,415,41.5,22.364115161919468,0,26.8,41.5,14.7,0.9138669253742938,0.9966666666666667,17.702438661763956,0.7691982686198753,14.0,10.5,3.0902285460000485
sweep,bearing_noise,0.3,10,1,reached,437,43.7,23.587755534271803,0,29.1,43.7,14.600000000000001,1.737928452081,0.9966666666666667,17.702438661763956,0.7292952751171976,14.0,10.5,3.0541213819999484
sweep,bearing_noise,0.3,11,1,reached,435,43.5,23.220867269230727,0,29.200000000000003,43.5,14.299999999999997,3.407267148035606,0.9966666666666667,17.702438661763956,0.7408180953068187,14.0,10.5,3.0311140929999283
sweep,bearing_noise,0.3,12,1,reached,397,39.7,22.43947516597854,0,25.200000000000003,39.7,14.5,10.7265871797979,0.9966666666666667,17.702438661763956,0.7666150181553854,14.0,10.5,2.955592110999987
sweep,bearing_noise,0.3,13,1,reached,417,41.7,22.577513171057916,0,27.200000000000003,41.7,14.5,4.232799307354622,0.9966666666666667,17.702438661763956,0.761927964848482,14.0,10.5,2.819619995999915
sweep,bearing_noise,0.3,14,1,reached,453,45.300000000000004,24.238941179031023,0,30.3,45.300000000000004,15.000000000000004,12.263854695244088,0.9966666666666667,17.702438661763956,0.709702562282122,14.0,10.5,3.1556236320000153
sweep,bearing_noise,0.3,15,1,reached,398,39.800000000000004,22.394619933635827,0,25.200000000000003,39.800000000000004,14.600000000000001,2.6147638785646645,0.9966666666666667,17.702438661763956,0.768150507253154,14.0,10.5,2.7698234880000427
sweep,bearing_noise,0.3,16,1,reached,435,43.5,23.5675007202479,0,29.1,43.5,14.399999999999999,5.7580051693620575,0.9966666666666667,17.702438661763956,0.7299220594479315,14.0,10.5,2.988598419000027
sweep,bearing_noise,0.3,17,1,reached,405,40.5,21.70762206686332,0,25.200000000000003,40.5,15.299999999999997,0.45746949317702235,0.9959375,17.702438661763956,0.7924607591184977,14.0,10.5,2.7572363220000398
sweep,bearing_noise,0.3,18,1,reached,447,44.7,23.721945733660426,0,29.3,44.7,15.400000000000002,5.193105100759456,0.9966666666666667,17.702438661763956,0.7251698007787967,14.0,10.5,3.073530935000008
sweep,bearing_noise,0.3,19,1,reached,297,29.700000000000003,16.69691813283264,0,15.4,29.700000000000003,14.300000000000002,4.789318548705296,0.9944791666666667,17.702438661763956,1.0302762776285803,14.0,10.5,2.043315610000036
sweep,bearing_noise,0.5,0,1,reached,478,47.800000000000004,25.289617522626898,0,31.5,47.800000000000004,16.300000000000004,4.682678435689444,0.9966666666666667,17.702438661763956,0.6802174309822102,14.0,10.5,3.314885596999943
sweep,bearing_noise,0.5,1,1,reached,437,43.7,23.22335887596203,0,28.700000000000003,43.7,15.0,5.116263777384242,0.9966666666666667,17.702438661763956,0.7407386138087806,14.0,10.5,3.09139247600001
sweep,bearing_noise,0.5,2,1,reached,432,43.2,22.68762395409524,0,29.1,43.2,14.100000000000001,23.126383747205754,0.9966666666666667,17.702438661763956,0.7582300683654809,14.0,10.5,3.028791718999969
sweep,bearing_noise,0.5,3,1,reached,458,45.800000000000004,24.21961881975998,0,30.8,45.800000000000004,15.000000000000004,14.677384018367047,0.9966666666666667,17.702438661763956,0.7102687614442991,14.0,10.5,3.2140324000000646
sweep,bearing_noise,0.5,4,1,reached,446,44.6,23.55752537854191,0,30.0,44.6,14.600000000000001,13.852849592965336,0.9966666666666667,17.702438661763956,0.7302311420805396,14.0,10.5,3.060139127999946
sweep,bearing_noise,0.5,5,1,reached,408,40.800000000000004,22.047888284767943,0,26.6,40.800000000000004,14.200000000000003,17.63289279245772,0.9966666666666667,17.702438661763956,0.7802306706011602,14.0,10.5,2.8139628769999945
sweep,bearing_noise,0.5,6,1,reached,430,43.0,22.834028609880242,0,28.1,43.0,14.899999999999999,16.039466327135433,0.9966666666666667,17.702438661763956,0.7533685341149347,14.0,10.5,2.9301565450000453
sweep,bearing_noise,0.5,7,1,reached,426,42.6,23.43222189585684,0,27.3,42.6,15.3,13.038010845804349,0.9966666666666667,17.702438661763956,0.7341360430188483,14.0,10.5,2.914209409000023
sweep,bearing_noise,0.5,8,1,reached,444,44.400000000000006,22.79516263921253,0,28.8,44.400000000000006,15.600000000000005,14.04585927568698,0.99625,17.702438661763956,0.7546530346825471,14.0,10.5,3.1263168099999348
sweep,bearing_noise,0.5,9,1,reached,415,41.5,22.305849248713884,0,26.8,41.5,14.7,6.08202342469008,0.9966666666666667,17.702438661763956,0.7712075191558025,14.0,10.5,2.8902825920000623
sweep,bearing_noise,0.5,10,1,reached,438,43.800000000000004,23.586602824430905,0,29.1,43.800000000000004,14.700000000000003,22.381845279883837,0.9966666666666667,17.702438661763956,0.7293309167840712,14.0,10.5,3.134490674999938
sweep,bearing_noise,0.5,11,1,reached,440,44.0,23.33001835212643,0,29.200000000000003,44.0,14.799999999999997,3.9523519902752144,0.9966666666666667,17.702438661763956,0.7373521272946633,14.0,10.5,3.1389332960000047
sweep,bearing_noise,0.5,12,1,reached,398,39.800000000000004,22.425312106405382,0,25.200000000000003,39.800000000000004,14.600000000000001,10.748513182014841,0.9966666666666667,17.702438661763956,0.7670991859618486,14.0,10.5,2.6571245689999614
sweep,bearing_noise,0.5,13,1,reached,418,41.800000000000004,22.568430876012542,0,27.200000000000003,41.800000000000004,14.600000000000001,5.15853466548513,0.9966666666666667,17.702438661763956,0.7622345902677721,14.0,10.5,2.9193223669999497
sweep,bearing_noise,0.5,14,1,reached,456,45.6,24.326782978355197,0,30.3,45.6,15.3,5.67194675128998,0.9966666666666667,17.702438661763956,0.707139890920631,14.0,10.5,3.1114200499999924
sweep,bearing_noise,0.5,15,1,reached,400,40.0,22.410695263369206,0,25.200000000000003,40.0,14.799999999999997,5.567169308637445,0.9966666666666667,17.702438661763956,0.7675995081634854,14.0,10.5,2.717605144999993
sweep,bearing_noise,0.5,16,1,reached,440,44.0,23.76756229292408,0,29.1,44.0,14.899999999999999,1.2595031931480667,0.9966666666666667,17.702438661763956,0.7237779983387422,14.0,10.5,3.0878490679999686
sweep,bearing_noise,0.5,17,1,reached,406,40.6,21.74945276059759,0,25.200000000000003,40.6,15.399999999999999,8.627868714488892,0.9959375,17.702438661763956,0.7909366203883882,14.0,10.5,2.777042480000091
sweep,bearing_noise,0.5,18,1,reached,451,45.1,23.739600857946666,0,29.3,45.1,15.8,11.312912482221549,0.9966666666666667,17.702438661763956,0.7246304925133381,14.0,10.5,3.0845473040000115
sweep,bearing_noise,0.5,19,1,reached,299,29.900000000000002,16.662883888188396,0,15.4,29.900000000000002,14.500000000000002,7.90139975373277,0.9944791666666667,17.702438661763956,1.0323806357408531,14.0,10.5,2.101757169999928
sweep,intensity_noise,0.0,0,1,reached,468,46.800000000000004,25.08484842521389,0,31.5,46.800000000000004,15.300000000000004,0.9392412765022229,0.9966666666666667,17.702438661763956,0.6857700859963349,14.0,10.5,3.380916529999922
sweep,intensity_noise,0.0,1,1,reached,425,42.5,22.98366811235217,0,28.700000000000003,42.5,13.799999999999997,0.2738190405801385,0.9966666666666667,17.702438661763956,0.7484635863027802,14.0,10.5,3.052355211999952
sweep,intensity_noise,0.0,2,1,reached,429,42.900000000000006,22.625373219945267,0,29.1,42.900000000000006,13.800000000000004,0.591047250337,0.9966666666666667,17.702438661763956,0.76031623852283,14.0,10.5,3.156155151000007
sweep,intensity_noise,0.0,3,1,reached,446,44.6,23.969479569935345,0,30.8,44.6,13.8,1.1842983104399747,0.9966666666666667,17.702438661763956,0.7176809413643167,14.0,10.5,3.1322317620000604
sweep,intensity_noise,0.0,4,1,reached,438,43.800000000000004,23.34097162156805,0,30.0,43.800000000000004,13.800000000000004,0.16701214745456933,0.9966666666666667,17.702438661763956,0.7370061084290156,14.0,10.5,3.1052562720000196
sweep,intensity_noise,0.0,5,1,reached,404,40.400000000000006,22.09908698393624,0,26.6,40.400000000000006,13.800000000000004,0.7565087887146369,0.9966666666666667,17.702438661763956,0.7784230486204411,14.0,10.5,2.837005455000053
sweep,intensity_noise,0.0,6,1,reached,418,41.800000000000004,22.797300972502242,0,28.1,41.800000000000004,13.700000000000003,0.5824207761446796,0.9966666666666667,17.702438661763956,0.7545822500002644,14.0,10.5,2.915949340999987
sweep,intensity_noise,0.0,7,1,reached,415,41.5,23.226650465469554,0,27.3,41.5,14.2,0.3846675007249001,0.9966666666666667,17.702438661763956,0.7406336392472245,14.0,10.5,2.824602159000051
sweep,intensity_noise,0.0,8,1,reached,430,43.0,22.636735828935716,0,28.8,43.0,14.2,0.5327658454583403,0.99625,17.702438661763956,0.7599345944469036,14.0,10.5,2.9787723650000544
sweep,intensity_noise,0.0,9,1,reached,406,40.6,22.20201255422781,0,26.8,40.6,13.8,0.0342898616187506,0.9966666666666667,17.702438661763956,0.7748143831442068,14.0,10.5,2.7854413969999996
sweep,intensity_noise,0.0,10,1,reached,429,42.900000000000006,23.417494845173845,0,29.1,42.900000000000006,13.800000000000004,0.9128813643097448,0.9966666666666667,17.702438661763956,0.7345977345356067,14.0,10.5,3.026510628999972
sweep,intensity_noise,0.0,11,1,reached,429,42.900000000000006,23.139034981439963,0,29.200000000000003,42.900000000000006,13.700000000000003,0.13840724675816357,0.9966666666666667,17.702438661763956,0.7434380334167866,14.0,10.5,3.2226958530000047
sweep,intensity_noise,0.0,12,1,reached,390,39.0,22.295302562576442,0,25.200000000000003,39.0,13.799999999999997,0.309642495031844,0.9966666666666667,17.702438661763956,0.7715723351805478,14.0,10.5,2.656173077999938
sweep,intensity_noise,0.0,13,1,reached,410,41.0,22.368129964267535,0,27.200000000000003,41.0,13.799999999999997,0.11221131577011413,0.9966666666666667,17.702438661763956,0.7690602070555015,14.0,10.5,2.909716235000019
sweep,intensity_noise,0.0,14,1,reached,445,44.5,24.003482210120104,0,30.3,44.5,14.2,1.102335425864994,0.9966666666666667,17.702438661763956,0.7166642952542627,14.0,10.5,3.3605978019999156
sweep,intensity_noise,0.0,15,1,reached,390,39.0,22.24925751338439,0,25.200000000000003,39.0,13.799999999999997,0.6914147197237248,0.9966666666666667,17.702438661763956,0.7731691114373395,14.0,10.5,2.8050403229999574
sweep,intensity_noise,0.0,16,1,reached,429,42.900000000000006,23.462346831044915,0,29.1,42.900000000000006,13.800000000000004,0.0524625412156193,0.9966666666666667,17.702438661763956,0.733193434810282,14.0,10.5,3.114440284000011
sweep,intensity_noise,0.0,17,1,reached,397,39.7,21.55657873303973,0,25.200000000000003,39.7,14.5,0.9947349407479406,0.9959375,17.702438661763956,0.7980133988237108,14.0,10.5,3.0042289699999856
sweep,intensity_noise,0.0,18,1,reached,442,44.2,23.546184291257944,0,29.3,44.2,14.900000000000002,0.3191588817961971,0.9966666666666667,17.702438661763956,0.7305828600072052,14.0,10.5,3.2288147450000224
sweep,intensity_noise,0.0,19,1,reached,291,29.1,16.61660041061219,0,15.4,29.1,13.700000000000001,0.41256422253571284,0.9944791666666667,17.702438661763956,1.0352562038368343,14.0,10.5,2.0537140779999845
sweep,intensity_noise,0.1,0,1,reached,467,46.7,25.06780310766532,0,31.5,46.7,15.200000000000003,1.7770385808265339,0.9966666666666667,17.702438661763956,0.6862363880823579,14.0,10.5,3.6015433999999686
sweep,intensity_noise,0.1,1,1,reached,427,42.7,23.055862286419014,0,28.700000000000003,42.7,14.0,2.558390442083873,0.9966666666666667,17.702438661763956,0.7461199432951593,14.0,10.5,3.0511556229999997
sweep,intensity_noise,0.1,2,1,reached,428,42.800000000000004,22.615576099243917,0,29.1,42.800000000000004,13.700000000000003,0.543025478255819,0.9966666666666667,17.702438661763956,0.7606456093037165,14.0,10.5,3.0863387499999817
sweep,intensity_noise,0.1,3,1,reached,444,44.400000000000006,23.864376771149388,0,30.8,44.400000000000006,13.600000000000005,6.570322882213338,0.9966666666666667,17.702438661763956,0.720841731034044,14.0,10.5,3.108259180999994
sweep,intensity_noise,0.1,4,1,reached,438,43.800000000000004,23.32018740094579,0,30.0,43.800000000000004,13.800000000000004,5.53887263618704,0.9966666666666667,17.702438661763956,0.7376629683973415,14.0,10.5,3.2435733999999457
sweep,intensity_noise,0.1,5,1,reached,404,40.400000000000006,22.083637796341197,0,26.6,40.400000000000006,13.800000000000004,2.67281753006934,0.9966666666666667,17.702438661763956,0.7789676148652486,14.0,10.5,2.8946239099999502
sweep,intensity_noise,0.1,6,1,reached,419,41.900000000000006,22.835964559931046,0,28.1,41.900000000000006,13.800000000000004,1.0295109386999521,0.9966666666666667,17.702438661763956,0.7533046662696301,14.0,10.5,2.9197592870000335
sweep,intensity_noise,0.1,7,1,reached,415,41.5,23.220392742093473,0,27.3,41.5,14.2,4.88619098886978,0.9966666666666667,17.702438661763956,0.7408332345119948,14.0,10.5,2.8532839229999354
sweep,intensity_noise,0.1,8,1,reached,430,43.0,22.637750632210608,0,28.8,43.0,14.2,7.967808366836644,0.99625,17.702438661763956,0.7599005281596793,14.0,10.5,3.040934342000014
sweep,intensity_noise,0.1,9,1,reached,405,40.5,22.142775028005047,0,26.8,40.5,13.7,8.125624100616179,0.9966666666666667,17.702438661763956,0.7768872076786759,14.0,10.5,2.9267781780000632
sweep,intensity_noise,0.1,10,1,reached,430,43.0,23.467886939040667,0,29.1,43.0,13.899999999999999,6.377179535018067,0.9966666666666667,17.702438661763956,0.7330203484637704,14.0,10.5,3.035383981999985
sweep,intensity_noise,0.1,11,1,reached,430,43.0,23.151589414308827,0,29.200000000000003,43.0,13.799999999999997,0.8733799234695321,0.9966666666666667,17.702438661763956,0.743034888616848,14.0,10.5,3.1285295800000767
sweep,intensity_noise,0.1,12,1,reached,392,39.2,22.337392028430216,0,25.200000000000003,39.2,14.0,3.441450062568188,0.9966666666666667,17.702438661763956,0.7701184918932936,14.0,10.5,2.6611527630000182
sweep,intensity_noise,0.1,13,1,reached,411,41.1,22.461536783831008,0,27.200000000000003,41.1,13.899999999999999,5.355158479206041,0.9966666666666667,17.702438661763956,0.7658620524196356,14.0,10.5,2.8540333690000352
sweep,intensity_noise,0.1,14,1,reached,446,44.6,24.001445557975206,0,30.3,44.6,14.3,1.0219028388975113,0.9966666666666667,17.702438661763956,0.7167251080861639,14.0,10.5,3.1292880070000137
sweep,intensity_noise,0.1,15,1,reached,391,39.1,22.293589650614766,0,25.200000000000003,39.1,13.899999999999999,5.757712055128939,0.9966666666666667,17.702438661763956,0.7716316183871978,14.0,10.5,2.7347806320000245
sweep,intensity_noise,0.1,16,1,reached,428,42.800000000000004,23.441809748998235,0,29.1,42.800000000000004,13.700000000000003,2.6442900352296217,0.9966666666666667,17.702438661763956,0.7338357765871335,14.0,10.5,3.005475950999994
sweep,intensity_noise,0.1,17,1,reached,394,39.400000000000006,21.458347360449494,0,25.200000000000003,39.400000000000006,14.200000000000003,9.753808812892855,0.9959375,17.702438661763956,0.801666520389649,14.0,10.5,2.803245329000106
sweep,intensity_noise,0.1,18,1,reached,442,44.2,23.610083152384444,0,29.3,44.2,14.900000000000002,5.958538274323027,0.9966666666666667,17.702438661763956,0.728605594090279,14.0,10.5,3.1070134359999884
sweep,intensity_noise,0.1,19,1,reached,291,29.1,16.581636351611827,0,15.4,29.1,13.700000000000001,1.1000636856213497,0.9944791666666667,17.702438661763956,1.0374391463537183,14.0,10.5,2.038061943999992
sweep,intensity_noise,0.25,0,1,reached,467,46.7,25.065200039267793,0,31.5,46.7,15.200000000000003,3.262858348043898,0.9966666666666667,17.702438661763956,0.6863076550282531,14.0,10.5,3.3494995789999393
sweep,intensity_noise,0.25,1,1,reached,427,42.7,23.075001315199643,0,28.700000000000003,42.7,14.0,6.260216725774417,0.9966666666666667,17.702438661763956,0.7455010912797915,14.0,10.5,3.0590921369999933
sweep,intensity_noise,0.25,2,1,reached,428,42.800000000000004,22.631327386808877,0,29.1,42.800000000000004,13.700000000000003,1.4413526164539863,0.9966666666666667,17.702438661763956,0.7601162038683927,14.0,10.5,3.3190597430000253
sweep,intensity_noise,0.25,3,1,reached,444,44.400000000000006,23.827582945188556,0,30.8,44.400000000000006,13.600000000000005,15.431510245449601,0.9966666666666667,17.702438661763956,0.721954832822756,14.0,10.5,3.0537679760000174
sweep,intensity_noise,0.25,4,1,reached,433,43.300000000000004,23.09572567940043,0,30.0,43.300000000000004,13.300000000000004,26.460965388179304,0.9966666666666667,17.702438661763956,0.7448321347662687,14.0,10.5,3.2224354469999525
sweep,intensity_noise,0.25,5,1,reached,405,40.5,22.131238551071235,0,26.6,40.5,13.899999999999999,6.511261851841043,0.9966666666666667,17.702438661763956,0.7772921801040048,14.0,10.5,3.1270240879999847
sweep,intensity_noise,0.25,6,1,reached,419,41.900000000000006,22.844789702708038,0,28.1,41.900000000000006,13.800000000000004,1.041440434787568,0.9966666666666667,17.702438661763956,0.7530136580650933,14.0,10.5,2.9414843029999247
sweep,intensity_noise,0.25,7,1,reached,415,41.5,23.211346080108477,0,27.3,41.5,14.2,15.308701601483884,0.9966666666666667,17.702438661763956,0.7411219755370414,14.0,10.5,3.0196799629999305
sweep,intensity_noise,0.25,8,1,reached,428,42.800000000000004,22.472396835372695,0,28.8,42.800000000000004,14.000000000000004,12.10236470269112,0.99625,17.702438661763956,0.7654919405252956,14.0,10.5,2.976080766999985
sweep,intensity_noise,0.25,9,1,reached,405,40.5,22.117814346635154,0,26.8,40.5,13.7,17.019841482288626,0.9966666666666667,17.702438661763956,0.7777639504592827,14.0,10.5,2.9642519989999982
sweep,intensity_noise,0.25,10,1,reached,432,43.2,23.58017911678618,0,29.1,43.2,14.100000000000001,3.797434867802462,0.9966666666666667,17.702438661763956,0.7295296009654966,14.0,10.5,3.0143585879999364
sweep,intensity_noise,0.25,11,1,reached,431,43.1,23.16611656633631,0,29.200000000000003,43.1,13.899999999999999,2.2138539301353717,0.9966666666666667,17.702438661763956,0.7425689416913998,14.0,10.5,3.0394698540000036
sweep,intensity_noise,0.25,12,1,reached,386,38.6,22.100825346678207,0,25.200000000000003,38.6,13.399999999999999,20.44605136100883,0.9966666666666667,17.702438661763956,0.7783618209692569,14.0,10.5,2.8292086960000233
sweep,intensity_noise,0.25,13,1,reached,411,41.1,22.491217552882155,0,27.200000000000003,41.1,13.899999999999999,13.078873077554803,0.9966666666666667,17.702438661763956,0.7648513746006399,14.0,10.5,2.826246109000067
sweep,intensity_noise,0.25,14,1,reached,442,44.2,23.849993359092547,0,30.3,44.2,13.900000000000002,20.724889595311936,0.9966666666666667,17.702438661763956,0.7212764549976579,14.0,10.5,3.1214617529999487
sweep,intensity_noise,0.25,15,1,reached,395,39.5,22.452645874241412,0,25.200000000000003,39.5,14.299999999999997,16.096668560474374,0.9966666666666667,17.702438661763956,0.7661653222571552,14.0,10.5,2.7329804219999687
sweep,intensity_noise,0.25,16,1,reached,428,42.800000000000004,23.42274486779664,0,29.1,42.800000000000004,13.700000000000003,6.902946213290736,0.9966666666666667,17.702438661763956,0.7344330802755389,14.0,10.5,3.016729267999949
sweep,intensity_noise,0.25,17,1,reached,394,39.400000000000006,21.458672418201076,0,25.200000000000003,39.400000000000006,14.200000000000003,17.32656105186721,0.9959375,17.702438661763956,0.8016543766786329,14.0,10.5,2.7363358059999427
sweep,intensity_noise,0.25,18,1,reached,443,44.300000000000004,23.67973501546628,0,29.3,44.300000000000004,15.000000000000004,14.563102264820028,0.9966666666666667,17.702438661763956,0.7264624646571545,14.0,10.5,3.096345627000005
sweep,intensity_noise,0.25,19,1,reached,292,29.200000000000003,16.625310761924318,0,15.4,29.200000000000003,13.800000000000002,9.62046059235851,0.9944791666666667,17.702438661763956,1.0347138112546679,14.0,10.5,2.04090067300001
sweep,intensity_noise,0.5,0,1,reached,481,48.1,25.23665916645088,0,31.5,48.1,16.6,6.566672193332826,0.9966666666666667,17.702438661763956,0.6816448464237509,14.0,10.5,3.6642743510000173
sweep,intensity_noise,0.5,1,1,reached,426,42.6,23.123740066278444,0,28.700000000000003,42.6,13.899999999999999,6.401340429500974,0.9966666666666667,17.702438661763956,0.7439297714148944,14.0,10.5,3.0648873829999275
sweep,intensity_noise,0.5,2,1,reached,432,43.2,22.755637112849257,0,29.1,43.2,14.100000000000001,6.611856307942977,0.9966666666666667,17.702438661763956,0.7559638333329891,14.0,10.5,3.177406198999961
sweep,intensity_noise,0.5,3,1,reached,444,44.400000000000006,23.889675813994987,0,30.8,44.400000000000006,13.600000000000005,26.846140894625524,0.9966666666666667,17.702438661763956,0.7200783633776423,14.0,10.5,3.210638744999983
sweep,intensity_noise,0.5,4,1,reached,430,43.0,22.924748535540573,0,30.0,43.0,13.0,53.434941582137206,0.9966666666666667,17.702438661763956,0.7503872347866658,14.0,10.5,3.0906808629999887
sweep,intensity_noise,0.5,5,1,reached,402,40.2,21.991816532043607,0,26.6,40.2,13.600000000000001,16.43814570944134,0.9966666666666667,17.702438661763956,0.7822199970020124,14.0,10.5,2.7946835230000033
sweep,intensity_noise,0.5,6,1,reached,425,42.5,22.68441138880572,0,28.1,42.5,14.399999999999999,24.357139360202122,0.9966666666666667,17.702438661763956,0.7583374488726209,14.0,10.5,3.209767604000035
sweep,intensity_noise,0.5,7,1,reached,413,41.300000000000004,23.162611422034136,0,27.3,41.300000000000004,14.000000000000004,19.672499571122007,0.9966666666666667,17.702438661763956,0.742681312928283,14.0,10.5,2.934094580000078
sweep,intensity_noise,0.5,8,1,reached,439,43.900000000000006,22.6395728889366,0,28.8,43.900000000000006,15.100000000000005,21.0939102813229,0.99625,17.702438661763956,0.759839363849941,14.0,10.5,3.3125913379999474
sweep,intensity_noise,0.5,9,1,reached,403,40.300000000000004,22.0660044069703,0,26.8,40.300000000000004,13.500000000000004,18.31655622193909,0.9966666666666667,17.702438661763956,0.7795901036043471,14.0,10.5,2.848907977999943
sweep,intensity_noise,0.5,10,1,reached,429,42.900000000000006,23.326499976797372,0,29.1,42.900000000000006,13.800000000000004,18.386650574745577,0.9966666666666667,17.702438661763956,0.7374633433594857,14.0,10.5,3.0610892570000487
sweep,intensity_noise,0.5,11,1,reached,424,42.400000000000006,22.846316955013542,0,29.200000000000003,42.400000000000006,13.200000000000003,40.18312667501897,0.9966666666666667,17.702438661763956,0.7529633198925284,14.0,10.5,3.0086085149999917
sweep,intensity_noise,0.5,12,1,reached,387,38.7,22.10175301754604,0,25.200000000000003,38.7,13.5,25.055179667586714,0.9966666666666667,17.702438661763956,0.778329151000256,14.0,10.5,2.663651562000041
sweep,intensity_noise,0.5,13,1,reached,415,41.5,22.567459202266846,0,27.200000000000003,41.5,14.299999999999997,4.959247190530942,0.9966666666666667,17.702438661763956,0.7622674093517808,14.0,10.5,2.965546502000052
sweep,intensity_noise,0.5,14,1,reached,444,44.400000000000006,23.850492618649604,0,30.3,44.400000000000006,14.100000000000005,23.735138634579144,0.9966666666666667,17.702438661763956,0.7212613566024509,14.0,10.5,3.2341486800000894
sweep,intensity_noise,0.5,15,1,reached,416,41.6,23.478203867992764,0,25.200000000000003,41.6,16.4,117.26327603433104,0.9966666666666667,17.702438661763956,0.7326982403971541,14.0,10.5,2.945741402000067
sweep,intensity_noise,0.5,16,1,reached,431,43.1,23.6116985578376,0,29.1,43.1,14.0,3.3987246311392214,0.9966666666666667,17.702438661763956,0.728555746196151,14.0,10.5,3.1823830359999192
sweep,intensity_noise,0.5,17,1,reached,397,39.7,21.50940722797604,0,25.200000000000003,39.7,14.5,21.303716938358164,0.9959375,17.702438661763956,0.7997634932212236,14.0,10.5,2.9187551829999165
sweep,intensity_noise,0.5,18,1,reached,444,44.400000000000006,23.582215767359212,0,29.3,44.400000000000006,15.100000000000005,8.142688870339438,0.9966666666666667,17.702438661763956,0.7294665959919814,14.0,10.5,3.2449232250000932
sweep,intensity_noise,0.5,19,1,reached,292,29.200000000000003,16.550218334454375,0,15.4,29.200000000000003,13.800000000000002,11.190945171008119,0.9944791666666667,17.702438661763956,1.0394085633270338,14.0,10.5,2.0541030960000626
sweep,thermal_range,3.0,0,0,searching,700,70.0,37.05277207582082,0,nan,nan,nan,nan,0.9966666666666667,17.702438661763956,0.4642686011875908,14.0,10.5,5.275374769999985
sweep,thermal_range,3.0,1,0,searching,700,70.0,36.92296194819019,0,nan,nan,nan,nan,0.9966666666666667,17.702438661763956,0.4659008311928547,14.0,10.5,5.94179546700002
sweep,thermal_range,3.0,2,0,searching,700,70.0,36.69335467300602,1,nan,nan,nan,nan,0.9966145833333333,17.702438661763956,0.4688161879736543,14.0,10.5,5.803122627000107
sweep,thermal_range,3.0,3,1,reached,497,49.7,24.689747898547026,0,45.300000000000004,49.7,4.399999999999999,3.4612895594808615,0.9966666666666667,17.702438661763956,0.6967442005665966,14.0,10.5,3.774958803000004
sweep,thermal_range,3.0,4,0,searching,700,70.0,36.140760847746115,0,nan,nan,nan,nan,0.9966666666666667,17.702438661763956,0.47598440813779297,14.0,10.5,5.854970287000015
sweep,thermal_range,3.0,5,0,searching,700,70.0,37.26319419865758,0,nan,nan,nan,nan,0.9966666666666667,17.702438661763956,0.46164691545373965,14.0,10.5,5.875863385999992
sweep,thermal_range,3.0,6,0,searching,700,70.0,35.84801015320786,1,nan,nan,nan,nan,0.9966666666666667,17.702438661763956,0.4798715071839098,14.0,10.5,5.388684510999951
sweep,thermal_range,3.0,7,1,reached,434,43.400000000000006,23.666496746268542,0,39.1,43.400000000000006,4.300000000000004,0.5838086612295055,0.9966666666666667,17.702438661763956,0.7268688241522792,14.0,10.5,3.318835168000078
sweep,thermal_range,3.0,8,0,searching,700,70.0,35.880425878542866,0,nan,nan,nan,nan,0.9966666666666667,17.702438661763956,0.479437973227941,14.0,10.5,6.241920128999936
sweep,thermal_range,3.0,9,0,searching,700,70.0,37.25696999282812,0,nan,nan,nan,nan,0.9966145833333333,17.702438661763956,0.46172403888655966,14.0,10.5,5.392643779999958
sweep,thermal_range,3.0,10,0,searching,700,70.0,37.852435816058446,1,nan,nan,nan,nan,0.9966666666666667,17.702438661763956,0.454460546353163,14.0,10.5,5.432860503000029
sweep,thermal_range,3.0,11,0,searching,700,70.0,35.262484306609494,0,nan,nan,nan,nan,0.9966666666666667,17.702438661763956,0.4878396687025135,14.0,10.5,5.715042794999931
sweep,thermal_range,3.0,12,1,reached,417,41.7,22.769131603915476,0,37.2,41.7,4.5,3.2238734907031565,0.9966666666666667,17.702438661763956,0.755515799241362,14.0,10.5,3.1313169730000254
sweep,thermal_range,3.0,13,0,searching,700,70.0,36.89091082465695,2,nan,nan,nan,nan,0.9966666666666667,17.702438661763956,0.4663056096263767,14.0,10.5,6.134240641000019
sweep,thermal_range,3.0,14,0,searching,700,70.0,37.30427989706944,0,nan,nan,nan,nan,0.9966666666666667,17.702438661763956,0.46113847283017384,14.0,10.5,5.735628077000001
sweep,thermal_range,3.0,15,1,reached,498,49.800000000000004,25.16285328542345,0,45.5,49.800000000000004,4.300000000000004,3.3354671269048377,0.9966666666666667,17.702438661763956,0.6836441983202728,14.0,10.5,3.8937578789999634
sweep,thermal_range,3.0,16,1,reached,449,44.900000000000006,23.84456409595756,0,40.5,44.900000000000006,4.400000000000006,1.2114003323485594,0.9966666666666667,17.702438661763956,0.7214406852872742,14.0,10.5,3.25498310699993
sweep,thermal_range,3.0,17,0,navigating,700,70.0,36.56632063994204,0,69.5,nan,nan,7.723325961339299,0.9966666666666667,17.702438661763956,0.4704448891960277,14.0,10.5,5.80401831100005
sweep,thermal_range,3.0,18,0,searching,700,70.0,37.26737912001003,0,nan,nan,nan,nan,0.9966666666666667,17.702438661763956,0.46159507504855435,14.0,10.5,5.583222802999899
sweep,thermal_range,3.0,19,0,searching,700,70.0,37.80635370426895,0,nan,nan,nan,nan,0.9966666666666667,17.702438661763956,0.4550144876791311,14.0,10.5,6.403984479000087
sweep,thermal_range,4.0,0,1,reached,481,48.1,25.88514078314433,0,41.900000000000006,48.1,6.199999999999996,1.46725781489467,0.9966666666666667,17.702438661763956,0.6645680935591317,14.0,10.5,3.341673871000012
sweep,thermal_range,4.0,1,0,navigating,700,70.0,37.234461679099475,0,69.60000000000001,nan,nan,4.6811209496485215,0.9966666666666667,17.702438661763956,0.4620031520804842,14.0,10.5,6.231652327999996
sweep,thermal_range,4.0,2,0,searching,700,70.0,36.69335467300602,1,nan,nan,nan,nan,0.9966145833333333,17.702438661763956,0.4688161879736543,14.0,10.5,5.799027336999984
sweep,thermal_range,4.0,3,1,reached,461,46.1,24.274230188860393,0,39.900000000000006,46.1,6.199999999999996,3.0006485420029474,0.9966666666666667,17.702438661763956,0.7086708220167687,14.0,10.5,3.4437872710000192
sweep,thermal_range,4.0,4,0,searching,700,70.0,36.19974156187193,0,nan,nan,nan,nan,0.9966666666666667,17.702438661763956,0.47520888049330035,14.0,10.5,6.10453970399999
sweep,thermal_range,4.0,5,0,searching,700,70.0,37.26319419865758,0,nan,nan,nan,nan,0.9966666666666667,17.702438661763956,0.46164691545373965,14.0,10.5,6.278085808000014
sweep,thermal_range,4.0,6,0,searching,700,70.0,35.90155661914335,1,nan,nan,nan,nan,0.9966666666666667,17.702438661763956,0.47915578826438154,14.0,10.5,5.587194220000015
sweep,thermal_range,4.0,7,1,reached,434,43.400000000000006,23.655462189348675,0,37.300000000000004,43.400000000000006,6.100000000000001,1.45439096147871,0.9966666666666667,17.702438661763956,0.7272078864521059,14.0,10.5,3.5149810720000687
sweep,thermal_range,4.0,8,0,navigating,700,70.0,36.44108825064211,0,69.10000000000001,nan,nan,6.185950199704977,0.9966666666666667,17.702438661763956,0.47206160648785894,14.0,10.5,6.011679238999932
sweep,thermal_range,4.0,9,0,searching,700,70.0,37.25696999282812,0,nan,nan,nan,nan,0.9966145833333333,17.702438661763956,0.46172403888655966,14.0,10.5,5.764209949000019
sweep,thermal_range,4.0,10,0,searching,700,70.0,37.858629117095724,1,nan,nan,nan,nan,0.9966666666666667,17.702438661763956,0.4543862010575522,14.0,10.5,5.504481126999963
sweep,thermal_range,4.0,11,0,searching,700,70.0,35.32907801186873,0,nan,nan,nan,nan,0.9966666666666667,17.702438661763956,0.4869201131143256,14.0,10.5,5.519789885000023
sweep,thermal_range,4.0,12,1,reached,403,40.300000000000004,22.718035565107673,0,34.300000000000004,40.300000000000004,6.0,1.451794428096286,0.9966666666666667,17.702438661763956,0.7572150599229166,14.0,10.5,2.824725744000034
sweep,thermal_range,4.0,13,0,searching,700,70.0,36.40724802760666,2,nan,nan,nan,nan,0.9966666666666667,17.702438661763956,0.47250038367963976,14.0,10.5,6.549700185000006
sweep,thermal_range,4.0,14,0,searching,700,70.0,37.30427989706944,0,nan,nan,nan,nan,0.9966666666666667,17.702438661763956,0.46113847283017384,14.0,10.5,5.780472361999955
sweep,thermal_range,4.0,15,1,reached,443,44.300000000000004,23.872921994486095,0,38.0,44.300000000000004,6.300000000000004,1.9480224100576335,0.9966666666666667,17.702438661763956,0.7205837084265255,14.0,10.5,3.443522567000059
sweep,thermal_range,4.0,16,1,reached,447,44.7,23.817891163903965,0,37.800000000000004,44.7,6.899999999999999,4.71748507457653,0.9966666666666667,17.702438661763956,0.7222486047729644,14.0,10.5,3.113243328000067
sweep,thermal_range,4.0,17,1,reached,697,69.7,36.9830496559474,0,63.6,69.7,6.100000000000001,1.2757093363741419,0.9966666666666667,17.702438661763956,0.4651438651435702,14.0,10.5,5.667355810999993
sweep,thermal_range,4.0,18,0,searching,700,70.0,37.26737912001003,0,nan,nan,nan,nan,0.9966666666666667,17.702438661763956,0.46159507504855435,14.0,10.5,5.643155772
sweep,thermal_range,4.0,19,0,searching,700,70.0,37.80635370426895,0,nan,nan,nan,nan,0.9966666666666667,17.702438661763956,0.4550144876791311,14.0,10.5,6.276398736000033
sweep,thermal_range,6.0,0,1,reached,473,47.300000000000004,25.377704938560772,0,37.7,47.300000000000004,9.600000000000001,0.6949243424529835,0.9966666666666667,17.702438661763956,0.6778563586979567,14.0,10.5,3.2165404340000805
sweep,thermal_range,6.0,1,0,navigating,700,70.0,37.507003354143315,0,65.5,nan,nan,2.4928436128094127,0.9966666666666667,17.702438661763956,0.45864604269601406,14.0,10.5,5.785003780000011
sweep,thermal_range,6.0,2,1,reached,440,44.0,22.85688120118214,0,34.6,44.0,9.399999999999999,1.2378978338990907,0.9966666666666667,17.702438661763956,0.7526153069769754,14.0,10.5,3.101725809999948
sweep,thermal_range,6.0,3,1,reached,458,45.800000000000004,24.16215055718115,0,36.2,45.800000000000004,9.600000000000001,2.2304215053509924,0.9966666666666667,17.702438661763956,0.7119580941710206,14.0,10.5,3.206314106000036
sweep,thermal_range,6.0,4,0,navigating,700,70.0,36.21520594962022,0,68.4,nan,nan,5.675498746844378,0.9966666666666667,17.702438661763956,0.4750059598085581,14.0,10.5,5.8854268340001
sweep,thermal_range,6.0,5,1,reached,435,43.5,22.99081980501401,0,34.0,43.5,9.5,1.5135824954291217,0.9966666666666667,17.702438661763956,0.7482307637421577,14.0,10.5,3.117311348000044
sweep,thermal_range,6.0,6,1,reached,448,44.800000000000004,23.631721012729443,0,35.4,44.800000000000004,9.400000000000006,4.1029852975494014,0.9966666666666667,17.702438661763956,0.7279384625646903,14.0,10.5,3.081972147999977
sweep,thermal_range,6.0,7,1,reached,422,42.2,23.481954952360187,0,32.6,42.2,9.600000000000001,1.2770746578288001,0.9966666666666667,17.702438661763956,0.7325811967812725,14.0,10.5,2.8957036179999704
sweep,thermal_range,6.0,8,0,navigating,700,70.0,36.92853242554376,0,64.10000000000001,nan,nan,3.3348978743465207,0.9966666666666667,17.702438661763956,0.46583055247180344,14.0,10.5,5.667972880999969
sweep,thermal_range,6.0,9,1,reached,439,43.900000000000006,23.12430561525317,0,34.2,43.900000000000006,9.700000000000003,1.1097056431843926,0.9966666666666667,17.702438661763956,0.7439115771942119,14.0,10.5,2.9964559320000035
sweep,thermal_range,6.0,10,1,reached,435,43.5,23.571305915705302,0,33.800000000000004,43.5,9.699999999999996,1.4318866020133947,0.9966666666666667,17.702438661763956,0.7298042256666891,14.0,10.5,3.022390165000047
sweep,thermal_range,6.0,11,1,reached,449,44.900000000000006,23.461426230229215,0,35.5,44.900000000000006,9.400000000000006,1.3209052606075506,0.9966666666666667,17.702438661763956,0.7332222045222138,14.0,10.5,3.112736357000017
sweep,thermal_range,6.0,12,1,reached,399,39.900000000000006,22.62226414989756,0,30.3,39.900000000000006,9.600000000000005,2.3886219055641047,0.9966666666666667,17.702438661763956,0.760420731885135,14.0,10.5,2.7666333910000276
sweep,thermal_range,6.0,13,0,navigating,700,70.0,37.96654558309129,2,63.800000000000004,nan,nan,5.329560843951051,0.9966666666666667,17.702438661763956,0.4530946494490982,14.0,10.5,6.256801701000086
sweep,thermal_range,6.0,14,1,reached,451,45.1,24.104799480773618,0,35.6,45.1,9.5,2.8414311797809297,0.9966666666666667,17.702438661763956,0.7136520125581174,14.0,10.5,3.3770358259999966
sweep,thermal_range,6.0,15,1,reached,429,42.900000000000006,23.50830320901856,0,33.6,42.900000000000006,9.300000000000004,2.2476032869956084,0.9966666666666667,17.702438661763956,0.7317601150883801,14.0,10.5,3.007794714999932
sweep,thermal_range,6.0,16,1,reached,434,43.400000000000006,23.640707877452773,0,33.9,43.400000000000006,9.500000000000007,3.073613007176871,0.9966666666666667,17.702438661763956,0.7276617413884934,14.0,10.5,3.029157793999957
sweep,thermal_range,6.0,17,1,reached,684,68.4,36.68973564758288,0,58.900000000000006,68.4,9.5,1.2582849103719687,0.9966666666666667,17.702438661763956,0.46886243136225086,14.0,10.5,5.419687096999951
sweep,thermal_range,6.0,18,1,reached,447,44.7,23.827685468520883,0,35.2,44.7,9.5,2.987543375877965,0.9966666666666667,17.702438661763956,0.7219517264692099,14.0,10.5,3.289893525000025
sweep,thermal_range,6.0,19,1,reached,593,59.300000000000004,32.61100464584809,0,50.0,59.300000000000004,9.300000000000004,3.1853079922820706,0.9966666666666667,17.702438661763956,0.5275041001827616,14.0,10.5,5.17340886799991
sweep,thermal_range,9.0,0,1,reached,467,46.7,25.06779057246871,0,31.5,46.7,15.200000000000003,1.2059593202241532,0.9966666666666667,17.702438661763956,0.686236731236176,14.0,10.5,3.299936416000037
sweep,thermal_range,9.0,1,1,reached,427,42.7,23.056430205397913,0,28.700000000000003,42.7,14.0,1.3514389698354856,0.9966145833333333,17.702438661763956,0.7461015650955612,14.0,10.5,3.015012310999964
sweep,thermal_range,9.0,2,1,reached,428,42.800000000000004,22.615782500395206,0,29.1,42.800000000000004,13.700000000000003,0.5314984171679701,0.9966666666666667,17.702438661763956,0.7606386673316896,14.0,10.5,3.0515791649999073
sweep,thermal_range,9.0,3,1,reached,445,44.5,23.900870266996545,0,30.8,44.5,13.7,2.7719417935151616,0.9966666666666667,17.702438661763956,0.7197411002024432,14.0,10.5,3.1452903690000085
sweep,thermal_range,9.0,4,1,reached,438,43.800000000000004,23.31584480691917,0,30.0,43.800000000000004,13.800000000000004,2.502718646829084,0.9966666666666667,17.702438661763956,0.7378003586925141,14.0,10.5,3.0976978449999706
sweep,thermal_range,9.0,5,1,reached,404,40.400000000000006,22.08804045701409,0,26.6,40.400000000000006,13.800000000000004,1.4883832448906125,0.9966666666666667,17.702438661763956,0.7788123484852318,14.0,10.5,2.780232772999966
sweep,thermal_range,9.0,6,1,reached,419,41.900000000000006,22.834949345150367,0,28.1,41.900000000000006,13.800000000000004,0.6275686931341934,0.9966666666666667,17.702438661763956,0.7533381573021694,14.0,10.5,2.9102255029999924
sweep,thermal_range,9.0,7,1,reached,415,41.5,23.22840510234074,0,27.3,41.5,14.2,2.4708324889589184,0.9966666666666667,17.702438661763956,0.7405776929570793,14.0,10.5,2.847328231000006
sweep,thermal_range,9.0,8,1,reached,430,43.0,22.63862016704409,0,28.8,43.0,14.2,3.4311308643098157,0.99625,17.702438661763956,0.7598713408693614,14.0,10.5,3.010373366000067
sweep,thermal_range,9.0,9,1,reached,405,40.5,22.135297641078296,0,26.8,40.5,13.7,3.77172512732388,0.9966666666666667,17.702438661763956,0.7771496431039614,14.0,10.5,2.852229953999995
sweep,thermal_range,9.0,10,1,reached,429,42.900000000000006,23.43071485796034,0,29.1,42.900000000000006,13.800000000000004,4.8645450452988594,0.9966666666666667,17.702438661763956,0.7341832618444251,14.0,10.5,3.0036521879999327
sweep,thermal_range,9.0,11,1,reached,430,43.0,23.150610348394853,0,29.200000000000003,43.0,13.799999999999997,0.3933726267752691,0.9966666666666667,17.702438661763956,0.7430663124161082,14.0,10.5,3.0205998049999607
sweep,thermal_range,9.0,12,1,reached,392,39.2,22.338128556886275,0,25.200000000000003,39.2,14.0,1.5160430404130147,0.9966666666666667,17.702438661763956,0.770093099695269,14.0,10.5,2.671389963000024
sweep,thermal_range,9.0,13,1,reached,411,41.1,22.42155549814023,0,27.200000000000003,41.1,13.899999999999999,2.625847536176455,0.9966666666666667,17.702438661763956,0.7672277092100422,14.0,10.5,2.8140462190000335
sweep,thermal_range,9.0,14,1,reached,446,44.6,24.007936313219208,0,30.3,44.6,14.3,1.00217704323753,0.9966666666666667,17.702438661763956,0.71653133519402,14.0,10.5,3.1411481029999777
sweep,thermal_range,9.0,15,1,reached,390,39.0,22.26175386040945,0,25.200000000000003,39.0,13.799999999999997,2.266949336169271,0.9966666666666667,17.702438661763956,0.7727351029766332,14.0,10.5,2.6959166049999794
sweep,thermal_range,9.0,16,1,reached,429,42.900000000000006,23.47419240648604,0,29.1,42.900000000000006,13.800000000000004,0.8362427853218245,0.9966666666666667,17.702438661763956,0.7328234498500078,14.0,10.5,3.092142916999933
sweep,thermal_range,9.0,17,1,reached,395,39.5,21.507507882359548,0,25.200000000000003,39.5,14.299999999999997,4.939835049968125,0.9959375,17.702438661763956,0.7998341209896007,14.0,10.5,2.8305671719999737
sweep,thermal_range,9.0,18,1,reached,442,44.2,23.58994628635295,0,29.3,44.2,14.900000000000002,3.1309113356702833,0.9966666666666667,17.702438661763956,0.7292275468942361,14.0,10.5,3.1435733220000657
sweep,thermal_range,9.0,19,1,reached,291,29.1,16.586390392106676,0,15.4,29.1,13.700000000000001,0.523718318879613,0.9944791666666667,17.702438661763956,1.0371417924632025,14.0,10.5,2.0965289039999107
sweep,thermal_range,15.0,0,1,reached,467,46.7,25.06779057246871,0,31.5,46.7,15.200000000000003,1.2059593202241532,0.9966666666666667,17.702438661763956,0.686236731236176,14.0,10.5,3.3365705960000014
sweep,thermal_range,15.0,1,1,reached,427,42.7,23.056430205397913,0,28.700000000000003,42.7,14.0,1.3514389698354856,0.9966145833333333,17.702438661763956,0.7461015650955612,14.0,10.5,2.9880778269999837
sweep,thermal_range,15.0,2,1,reached,428,42.800000000000004,22.615782500395206,0,29.1,42.800000000000004,13.700000000000003,0.5314984171679701,0.9966666666666667,17.702438661763956,0.7606386673316896,14.0,10.5,3.124849955000059
sweep,thermal_range,15.0,3,1,reached,445,44.5,23.900870266996545,0,30.8,44.5,13.7,2.7719417935151616,0.9966666666666667,17.702438661763956,0.7197411002024432,14.0,10.5,3.1551901139999927
sweep,thermal_range,15.0,4,1,reached,438,43.800000000000004,23.31584480691917,0,30.0,43.800000000000004,13.800000000000004,2.502718646829084,0.9966666666666667,17.702438661763956,0.7378003586925141,14.0,10.5,3.0828784899999846
sweep,thermal_range,15.0,5,1,reached,404,40.400000000000006,22.08804045701409,0,26.6,40.400000000000006,13.800000000000004,1.4883832448906125,0.9966666666666667,17.702438661763956,0.7788123484852318,14.0,10.5,2.9078859990000865
sweep,thermal_range,15.0,6,1,reached,419,41.900000000000006,22.834949345150367,0,28.1,41.900000000000006,13.800000000000004,0.6275686931341934,0.9966666666666667,17.702438661763956,0.7533381573021694,14.0,10.5,3.046229717000074
sweep,thermal_range,15.0,7,1,reached,415,41.5,23.22840510234074,0,27.3,41.5,14.2,2.4708324889589184,0.9966666666666667,17.702438661763956,0.7405776929570793,14.0,10.5,2.9762385010000116
sweep,thermal_range,15.0,8,1,reached,430,43.0,22.63862016704409,0,28.8,43.0,14.2,3.4311308643098157,0.99625,17.702438661763956,0.7598713408693614,14.0,10.5,3.049441999999999
sweep,thermal_range,15.0,9,1,reached,405,40.5,22.135297641078296,0,26.8,40.5,13.7,3.77172512732388,0.9966666666666667,17.702438661763956,0.7771496431039614,14.0,10.5,2.9657373530000086
sweep,thermal_range,15.0,10,1,reached,429,42.900000000000006,23.43071485796034,0,29.1,42.900000000000006,13.800000000000004,4.8645450452988594,0.9966666666666667,17.702438661763956,0.7341832618444251,14.0,10.5,3.1244076369999902
sweep,thermal_range,15.0,11,1,reached,430,43.0,23.150610348394853,0,29.200000000000003,43.0,13.799999999999997,0.3933726267752691,0.9966666666666667,17.702438661763956,0.7430663124161082,14.0,10.5,3.063274309999997
sweep,thermal_range,15.0,12,1,reached,392,39.2,22.338128556886275,0,25.200000000000003,39.2,14.0,1.5160430404130147,0.9966666666666667,17.702438661763956,0.770093099695269,14.0,10.5,2.7769792029999962
sweep,thermal_range,15.0,13,1,reached,411,41.1,22.42155549814023,0,27.200000000000003,41.1,13.899999999999999,2.625847536176455,0.9966666666666667,17.702438661763956,0.7672277092100422,14.0,10.5,2.8663861520000182
sweep,thermal_range,15.0,14,1,reached,446,44.6,24.007936313219208,0,30.3,44.6,14.3,1.00217704323753,0.9966666666666667,17.702438661763956,0.71653133519402,14.0,10.5,3.1819375100000116
sweep,thermal_range,15.0,15,1,reached,390,39.0,22.26175386040945,0,25.200000000000003,39.0,13.799999999999997,2.266949336169271,0.9966666666666667,17.702438661763956,0.7727351029766332,14.0,10.5,2.7245015269999158
sweep,thermal_range,15.0,16,1,reached,429,42.900000000000006,23.47419240648604,0,29.1,42.900000000000006,13.800000000000004,0.8362427853218245,0.9966666666666667,17.702438661763956,0.7328234498500078,14.0,10.5,3.0262203859999772
sweep,thermal_range,15.0,17,1,reached,395,39.5,21.507507882359548,0,25.200000000000003,39.5,14.299999999999997,4.939835049968125,0.9959375,17.702438661763956,0.7998341209896007,14.0,10.5,2.7583572530000993
sweep,thermal_range,15.0,18,1,reached,442,44.2,23.58994628635295,0,29.3,44.2,14.900000000000002,3.1309113356702833,0.9966666666666667,17.702438661763956,0.7292275468942361,14.0,10.5,3.069032311000001
sweep,thermal_range,15.0,19,1,reached,291,29.1,16.586390392106676,0,15.4,29.1,13.700000000000001,0.523718318879613,0.9944791666666667,17.702438661763956,1.0371417924632025,14.0,10.5,2.053506709999965
sweep,thermal_range,30.0,0,1,reached,467,46.7,25.06779057246871,0,31.5,46.7,15.200000000000003,1.2059593202241532,0.9966666666666667,17.702438661763956,0.686236731236176,14.0,10.5,3.3511598919999415
sweep,thermal_range,30.0,1,1,reached,427,42.7,23.056430205397913,0,28.700000000000003,42.7,14.0,1.3514389698354856,0.9966145833333333,17.702438661763956,0.7461015650955612,14.0,10.5,2.9719675090000237
sweep,thermal_range,30.0,2,1,reached,428,42.800000000000004,22.615782500395206,0,29.1,42.800000000000004,13.700000000000003,0.5314984171679701,0.9966666666666667,17.702438661763956,0.7606386673316896,14.0,10.5,3.0665343199999597
sweep,thermal_range,30.0,3,1,reached,445,44.5,23.900870266996545,0,30.8,44.5,13.7,2.7719417935151616,0.9966666666666667,17.702438661763956,0.7197411002024432,14.0,10.5,3.1956449519999524
sweep,thermal_range,30.0,4,1,reached,438,43.800000000000004,23.31584480691917,0,30.0,43.800000000000004,13.800000000000004,2.502718646829084,0.9966666666666667,17.702438661763956,0.7378003586925141,14.0,10.5,3.1478979460000573
sweep,thermal_range,30.0,5,1,reached,404,40.400000000000006,22.08804045701409,0,26.6,40.400000000000006,13.800000000000004,1.4883832448906125,0.9966666666666667,17.702438661763956,0.7788123484852318,14.0,10.5,2.794705007999937
sweep,thermal_range,30.0,6,1,reached,419,41.900000000000006,22.834949345150367,0,28.1,41.900000000000006,13.800000000000004,0.6275686931341934,0.9966666666666667,17.702438661763956,0.7533381573021694,14.0,10.5,2.976398916999983
sweep,thermal_range,30.0,7,1,reached,415,41.5,23.22840510234074,0,27.3,41.5,14.2,2.4708324889589184,0.9966666666666667,17.702438661763956,0.7405776929570793,14.0,10.5,3.0297246360000827
sweep,thermal_range,30.0,8,1,reached,430,43.0,22.63862016704409,0,28.8,43.0,14.2,3.4311308643098157,0.99625,17.702438661763956,0.7598713408693614,14.0,10.5,2.973927181000022
sweep,thermal_range,30.0,9,1,reached,405,40.5,22.135297641078296,0,26.8,40.5,13.7,3.77172512732388,0.9966666666666667,17.702438661763956,0.7771496431039614,14.0,10.5,2.940356534999978
sweep,thermal_range,30.0,10,1,reached,429,42.900000000000006,23.43071485796034,0,29.1,42.900000000000006,13.800000000000004,4.8645450452988594,0.9966666666666667,17.702438661763956,0.7341832618444251,14.0,10.5,3.1283931080000684
sweep,thermal_range,30.0,11,1,reached,430,43.0,23.150610348394853,0,29.200000000000003,43.0,13.799999999999997,0.3933726267752691,0.9966666666666667,17.702438661763956,0.7430663124161082,14.0,10.5,3.0478273960000024
sweep,thermal_range,30.0,12,1,reached,392,39.2,22.338128556886275,0,25.200000000000003,39.2,14.0,1.5160430404130147,0.9966666666666667,17.702438661763956,0.770093099695269,14.0,10.5,2.766851461999977
sweep,thermal_range,30.0,13,1,reached,411,41.1,22.42155549814023,0,27.200000000000003,41.1,13.899999999999999,2.625847536176455,0.9966666666666667,17.702438661763956,0.7672277092100422,14.0,10.5,2.971763980999981
sweep,thermal_range,30.0,14,1,reached,446,44.6,24.007936313219208,0,30.3,44.6,14.3,1.00217704323753,0.9966666666666667,17.702438661763956,0.71653133519402,14.0,10.5,3.1728533020000214
sweep,thermal_range,30.0,15,1,reached,390,39.0,22.26175386040945,0,25.200000000000003,39.0,13.799999999999997,2.266949336169271,0.9966666666666667,17.702438661763956,0.7727351029766332,14.0,10.5,2.6760995719999983
sweep,thermal_range,30.0,16,1,reached,429,42.900000000000006,23.47419240648604,0,29.1,42.900000000000006,13.800000000000004,0.8362427853218245,0.9966666666666667,17.702438661763956,0.7328234498500078,14.0,10.5,3.124413550999975
sweep,thermal_range,30.0,17,1,reached,395,39.5,21.507507882359548,0,25.200000000000003,39.5,14.299999999999997,4.939835049968125,0.9959375,17.702438661763956,0.7998341209896007,14.0,10.5,2.8488281280000365
sweep,thermal_range,30.0,18,1,reached,442,44.2,23.58994628635295,0,29.3,44.2,14.900000000000002,3.1309113356702833,0.9966666666666667,17.702438661763956,0.7292275468942361,14.0,10.5,3.2154230009999765
sweep,thermal_range,30.0,19,1,reached,291,29.1,16.586390392106676,0,15.4,29.1,13.700000000000001,0.523718318879613,0.9944791666666667,17.702438661763956,1.0371417924632025,14.0,10.5,2.0983888560000423
sweep,lidar_noise,0.0,0,1,reached,396,39.6,22.34286966370135,0,25.8,39.6,13.8,1.3277527805438831,0.9913541666666666,17.702438661763956,0.7699296876672634,14.0,10.5,2.744114749000005
sweep,lidar_noise,0.0,1,1,reached,396,39.6,22.35072623040909,0,25.8,39.6,13.8,1.6211072124202,0.9913541666666666,17.702438661763956,0.769659047514945,14.0,10.5,2.672529064999935
sweep,lidar_noise,0.0,2,1,reached,396,39.6,22.347190910910474,0,25.8,39.6,13.8,1.5429134518995078,0.9913541666666666,17.702438661763956,0.7697808073660517,14.0,10.5,2.7699767429999156
sweep,lidar_noise,0.0,3,1,reached,396,39.6,22.2971668999039,0,25.8,39.6,13.8,3.453138480094346,0.9913541666666666,17.702438661763956,0.7715078215536925,14.0,10.5,2.8131800889999568
sweep,lidar_noise,0.0,4,1,reached,396,39.6,22.30212584454048,0,25.8,39.6,13.8,2.4759359161026193,0.9913541666666666,17.702438661763956,0.771336274473363,14.0,10.5,2.7077632259999973
sweep,lidar_noise,0.0,5,1,reached,397,39.7,22.344243512278197,0,25.8,39.7,13.900000000000002,1.273817120661788,0.9913541666666666,17.702438661763956,0.769882348100583,14.0,10.5,2.676582885000016
sweep,lidar_noise,0.0,6,1,reached,396,39.6,22.336552662385273,0,25.8,39.6,13.8,0.656350972049216,0.9913541666666666,17.702438661763956,0.7701474315117947,14.0,10.5,2.821767455999975
sweep,lidar_noise,0.0,7,1,reached,396,39.6,22.332058369524393,0,25.8,39.6,13.8,1.0640531730816203,0.9913541666666666,17.702438661763956,0.7703024225137881,14.0,10.5,2.7765297870000722
sweep,lidar_noise,0.0,8,1,reached,397,39.7,22.35371512182816,0,25.8,39.7,13.900000000000002,1.8601476481786,0.9913541666666666,17.702438661763956,0.7695561372241861,14.0,10.5,2.6741034980000222
sweep,lidar_noise,0.0,9,1,reached,396,39.6,22.29945335723975,0,25.8,39.6,13.8,2.8697375561957084,0.9913541666666666,17.702438661763956,0.7714287155913176,14.0,10.5,2.840058419999991
sweep,lidar_noise,0.0,10,1,reached,397,39.7,22.387578976449788,0,25.8,39.7,13.900000000000002,3.2640061736029957,0.9913541666666666,17.702438661763956,0.7683920927698236,14.0,10.5,2.8764217689999896
sweep,lidar_noise,0.0,11,1,reached,397,39.7,22.336323037357033,0,25.8,39.7,13.900000000000002,0.66802913553311,0.9913020833333334,17.702438661763956,0.7701553488903808,14.0,10.5,2.7687572480000426
sweep,lidar_noise,0.0,12,1,reached,397,39.7,22.341111080448588,0,25.8,39.7,13.900000000000002,2.2981148998204155,0.9913541666666666,17.702438661763956,0.7699902927754723,14.0,10.5,2.832051817999968
sweep,lidar_noise,0.0,13,1,reached,397,39.7,22.372881472561488,0,25.8,39.7,13.900000000000002,2.6130758264424117,0.9913541666666666,17.702438661763956,0.7688968755706028,14.0,10.5,2.8844253579999304
sweep,lidar_noise,0.0,14,1,reached,396,39.6,22.34046219386347,0,25.8,39.6,13.8,0.9378255196751617,0.9913541666666666,17.702438661763956,0.7700126574144541,14.0,10.5,2.775139445000036
sweep,lidar_noise,0.0,15,1,reached,397,39.7,22.350343560657205,0,25.8,39.7,13.900000000000002,2.763823102330475,0.9913541666666666,17.702438661763956,0.7696722251753219,14.0,10.5,2.7061411430000817
sweep,lidar_noise,0.0,16,1,reached,398,39.800000000000004,22.401645761192928,0,25.8,39.800000000000004,14.000000000000004,5.041849957144906,0.9913020833333334,17.702438661763956,0.7679095922302405,14.0,10.5,2.8477210659999628
sweep,lidar_noise,0.0,17,1,reached,396,39.6,22.33873148669934,0,25.8,39.6,13.8,5.611451908920912,0.9913020833333334,17.702438661763956,0.7700723146256727,14.0,10.5,2.7400330139998914
sweep,lidar_noise,0.0,18,1,reached,395,39.5,22.30341443449033,0,25.8,39.5,13.7,4.309140707208885,0.9913020833333334,17.702438661763956,0.7712917101680115,14.0,10.5,2.6759873889999426
sweep,lidar_noise,0.0,19,1,reached,396,39.6,22.3403531448652,0,25.8,39.6,13.8,1.865735971187648,0.9913541666666666,17.702438661763956,0.7700164160438904,14.0,10.5,2.679349967999997
sweep,lidar_noise,0.05,0,1,reached,422,42.2,22.745667450688558,0,28.400000000000002,42.2,13.8,1.3162747176741147,0.9971875,17.702438661763956,0.7562951801286096,14.0,10.5,3.0231656939999993
sweep,lidar_noise,0.05,1,1,reached,429,42.900000000000006,23.919374683750906,0,28.3,42.900000000000006,14.600000000000005,2.6039139082782223,0.9977604166666667,17.702438661763956,0.7191842967972758,14.0,10.5,3.1010965949999445
sweep,lidar_noise,0.05,2,1,reached,443,44.300000000000004,24.961088387242718,0,29.8,44.300000000000004,14.500000000000004,2.5109440836133254,0.9976041666666666,17.702438661763956,0.6891702154524598,14.0,10.5,3.1079182019999507
sweep,lidar_noise,0.05,3,1,reached,393,39.300000000000004,22.602384640592884,0,25.5,39.300000000000004,13.800000000000004,3.446367491756129,0.9975520833333333,17.702438661763956,0.7610895458733649,14.0,10.5,2.720011961999944
sweep,lidar_noise,0.05,4,1,reached,424,42.400000000000006,22.57691288012822,0,28.6,42.400000000000006,13.800000000000004,2.5701848310202022,0.9972916666666667,17.702438661763956,0.7619482235281699,14.0,10.5,2.9838328209999645
sweep,lidar_noise,0.05,5,1,reached,330,33.0,18.13178510667036,0,19.1,33.0,13.899999999999999,1.2743854005627517,0.9950520833333333,17.702438661763956,0.948744900767409,14.0,10.5,2.355293913999958
sweep,lidar_noise,0.05,6,1,reached,429,42.900000000000006,23.692036818716407,0,29.1,42.900000000000006,13.800000000000004,0.6566513011215495,0.9972916666666667,17.702438661763956,0.7260852578185363,14.0,10.5,3.089014323000015
sweep,lidar_noise,0.05,7,1,reached,467,46.7,25.047576310210662,0,31.5,46.7,15.200000000000003,0.8631612200354966,0.9972916666666667,17.702438661763956,0.6867905480639805,14.0,10.5,3.311468727000033
sweep,lidar_noise,0.05,8,1,reached,424,42.400000000000006,23.124577126801423,0,28.6,42.400000000000006,13.800000000000004,1.6824420103116329,0.9971875,17.702438661763956,0.743902842738962,14.0,10.5,2.984269284999982
sweep,lidar_noise,0.05,9,1,reached,453,45.300000000000004,24.8168263973152,0,31.6,45.300000000000004,13.700000000000003,3.9326204249645267,0.99734375,17.702438661763956,0.6931764112926622,14.0,10.5,3.197620884999992
sweep,lidar_noise,0.05,10,1,reached,425,42.5,23.571667984375203,0,28.700000000000003,42.5,13.799999999999997,4.8815835674523305,0.9973958333333334,17.702438661763956,0.7297930156307489,14.0,10.5,2.9177680750000263
sweep,lidar_noise,0.05,11,1,reached,430,43.0,23.742575096337035,2,29.1,43.0,13.899999999999999,0.6730577773366265,0.9972395833333333,17.702438661763956,0.7245397178681735,14.0,10.5,3.0937112070000694
sweep,lidar_noise,0.05,12,1,reached,417,41.7,22.659104119560265,0,27.700000000000003,41.7,14.0,1.517719500688388,0.9972916666666667,17.702438661763956,0.7591844130728058,14.0,10.5,2.946749038000007
sweep,lidar_noise,0.05,13,1,reached,440,44.0,23.427270563994583,0,30.200000000000003,44.0,13.799999999999997,3.81471935081748,0.9973958333333334,17.702438661763956,0.7342912019892927,14.0,10.5,3.032478531000038
sweep,lidar_noise,0.05,14,1,reached,427,42.7,23.167610207355576,0,28.900000000000002,42.7,13.8,0.9687875375122319,0.9971875,17.702438661763956,0.742521067464364,14.0,10.5,2.994083004999993
sweep,lidar_noise,0.05,15,1,reached,412,41.2,23.41771685465573,0,27.3,41.2,13.900000000000002,2.797782648507694,0.9976041666666666,17.702438661763956,0.7345907702502561,14.0,10.5,2.85144569900001
sweep,lidar_noise,0.05,16,1,reached,444,44.400000000000006,23.70232552939301,0,30.0,44.400000000000006,14.400000000000006,3.0515617737510876,0.9972916666666667,17.702438661763956,0.7257700785701972,14.0,10.5,3.155262619000041
sweep,lidar_noise,0.05,17,1,reached,433,43.300000000000004,23.77588580840949,0,29.6,43.300000000000004,13.700000000000003,1.3382634858884108,0.9972916666666667,17.702438661763956,0.7235246165120579,14.0,10.5,3.067888276999952
sweep,lidar_noise,0.05,18,1,reached,392,39.2,22.283240629442773,0,25.5,39.2,13.700000000000003,4.376455382563555,0.9976041666666666,17.702438661763956,0.7719899878043066,14.0,10.5,2.750665449000053
sweep,lidar_noise,0.05,19,1,reached,408,40.800000000000004,22.636110744627306,0,27.1,40.800000000000004,13.700000000000003,0.5590705054515502,0.9972395833333333,17.702438661763956,0.7599555796415675,14.0,10.5,2.9419210160000375
sweep,lidar_noise,0.1,0,1,reached,405,40.5,23.06391831543889,0,26.700000000000003,40.5,13.799999999999997,1.315000203468041,0.9988020833333333,17.702438661763956,0.7458593299928883,14.0,10.5,2.7911827589999803
sweep,lidar_noise,0.1,1,1,reached,378,37.800000000000004,20.627188192491605,0,24.0,37.800000000000004,13.800000000000004,1.6263584469408787,0.9971354166666667,17.702438661763956,0.8339691528109355,14.0,10.5,2.76793889399994
sweep,lidar_noise,0.1,2,1,reached,419,41.900000000000006,23.83530602150169,0,26.900000000000002,41.900000000000006,15.000000000000004,0.9820422163994369,0.9988020833333333,17.702438661763956,0.7217209062155836,14.0,10.5,2.957008981000058
sweep,lidar_noise,0.1,3,1,reached,431,43.1,23.775284355522913,0,29.3,43.1,13.8,3.481300843507725,0.99875,17.702438661763956,0.7235429198039388,14.0,10.5,2.9356744409999465
sweep,lidar_noise,0.1,4,1,reached,397,39.7,21.969350158791812,0,25.900000000000002,39.7,13.8,2.5685127132388783,0.9984895833333334,17.702438661763956,0.7830199135353029,14.0,10.5,2.7961746750000884
sweep,lidar_noise,0.1,5,1,reached,419,41.900000000000006,22.715780450769568,0,28.1,41.900000000000006,13.800000000000004,1.4988199673899054,0.9983854166666667,17.702438661763956,0.7572902326224574,14.0,10.5,2.9069704409999986
sweep,lidar_noise,0.1,6,1,reached,410,41.0,22.386692654208904,0,27.200000000000003,41.0,13.799999999999997,0.6065472892168451,0.9978125,17.702438661763956,0.7684225145481568,14.0,10.5,2.851896052000029
sweep,lidar_noise,0.1,7,1,reached,421,42.1,23.396364736156368,0,28.400000000000002,42.1,13.7,0.6229980124979864,0.9983333333333333,17.702438661763956,0.7352611765014752,14.0,10.5,2.947176086000013
sweep,lidar_noise,0.1,8,1,reached,425,42.5,23.513058327540246,1,28.700000000000003,42.5,13.799999999999997,1.691521684248069,0.9984375,17.702438661763956,0.7316121289766537,14.0,10.5,3.0115000560000453
sweep,lidar_noise,0.1,9,1,reached,407,40.7,22.824411177866285,0,27.0,40.7,13.700000000000003,3.932689350562218,0.9988020833333333,17.702438661763956,0.7536859780394172,14.0,10.5,2.849156159999893
sweep,lidar_noise,0.1,10,1,reached,432,43.2,24.47759738316179,0,29.400000000000002,43.2,13.8,4.846106128868188,0.9990104166666667,17.702438661763956,0.7027829730379324,14.0,10.5,3.0863282579999805
sweep,lidar_noise,0.1,11,1,reached,445,44.5,25.01421385326026,0,30.700000000000003,44.5,13.799999999999997,0.3931277335610425,0.9989583333333333,17.702438661763956,0.6877065480721416,14.0,10.5,3.076255113000002
sweep,lidar_noise,0.1,12,1,reached,439,43.900000000000006,24.38807828692141,0,29.8,43.900000000000006,14.100000000000005,2.4689459217293495,0.9988020833333333,17.702438661763956,0.7053626144454811,14.0,10.5,3.084033556999998
sweep,lidar_noise,0.1,13,1,reached,431,43.1,23.428866956731586,0,28.8,43.1,14.3,1.470525153613489,0.99828125,17.702438661763956,0.7342411689619224,14.0,10.5,3.0782469600000013
sweep,lidar_noise,0.1,14,1,reached,442,44.2,24.51278487682036,0,30.400000000000002,44.2,13.8,0.9549906162515119,0.9988541666666667,17.702438661763956,0.7017741455411225,14.0,10.5,3.135350606999964
sweep,lidar_noise,0.1,15,1,reached,384,38.400000000000006,22.27759681544563,0,24.6,38.400000000000006,13.800000000000004,2.2437942307648173,0.9988020833333333,17.702438661763956,0.7721855640118716,14.0,10.5,2.673138862999963
sweep,lidar_noise,0.1,16,1,reached,448,44.800000000000004,24.34610343702949,0,30.8,44.800000000000004,14.000000000000004,5.0192331493684295,0.9985416666666667,17.702438661763956,0.7065787223921717,14.0,10.5,3.1615589849999424
sweep,lidar_noise,0.1,17,1,reached,447,44.7,23.49546297641237,0,30.900000000000002,44.7,13.8,5.544401850434132,0.9983854166666667,17.702438661763956,0.7321600208105657,14.0,10.5,3.1108580690000736
sweep,lidar_noise,0.1,18,1,reached,411,41.1,22.91884785788471,0,27.400000000000002,41.1,13.7,4.367744175971381,0.9985416666666667,17.702438661763956,0.7505804291922924,14.0,10.5,2.882903291000048
sweep,lidar_noise,0.1,19,1,reached,389,38.900000000000006,22.26464278011994,0,25.200000000000003,38.900000000000006,13.700000000000003,0.5956350024706182,0.99875,17.702438661763956,0.772634837740311,14.0,10.5,2.661663718999989
sweep,lidar_noise,0.2,0,1,reached,424,42.400000000000006,23.76182399374347,0,27.8,42.400000000000006,14.600000000000005,2.9008512122957653,0.9999479166666667,17.702438661763956,0.7239527852025749,14.0,10.5,2.9279107439999734
sweep,lidar_noise,0.2,1,1,reached,418,41.800000000000004,23.7066351059014,0,27.900000000000002,41.800000000000004,13.900000000000002,4.632665388620844,0.9998958333333333,17.702438661763956,0.7256381424406231,14.0,10.5,2.9203686640000797
sweep,lidar_noise,0.2,2,1,reached,413,41.300000000000004,23.49486096854204,0,27.6,41.300000000000004,13.700000000000003,0.47845453183151637,1.0,17.702438661763956,0.7321787809171039,14.0,10.5,2.8160570380000536
sweep,lidar_noise,0.2,3,1,reached,409,40.900000000000006,23.378148682078148,0,26.3,40.900000000000006,14.600000000000005,2.3343690127278274,0.9999479166666667,17.702438661763956,0.735834085739709,14.0,10.5,2.7807788160000655
sweep,lidar_noise,0.2,4,1,reached,395,39.5,21.73654348465334,0,25.3,39.5,14.2,4.0449152257221,0.9992708333333333,17.702438661763956,0.7914063555647383,14.0,10.5,2.788812499999949
sweep,lidar_noise,0.2,5,1,reached,413,41.300000000000004,22.949801983936272,0,27.400000000000002,41.300000000000004,13.900000000000002,1.275996684926935,0.9999479166666667,17.702438661763956,0.7495680648488738,14.0,10.5,2.874742675000107
sweep,lidar_noise,0.2,6,1,reached,365,36.5,20.368588136003876,0,22.700000000000003,36.5,13.799999999999997,0.651495817972629,0.9985416666666667,17.702438661763956,0.8445572440711598,14.0,10.5,2.5817615509999996
sweep,lidar_noise,0.2,7,1,reached,392,39.2,22.767604070626327,0,25.400000000000002,39.2,13.8,1.0525865205617222,0.9999479166666667,17.702438661763956,0.755566488612551,14.0,10.5,2.660514842999987
sweep,lidar_noise,0.2,8,1,reached,384,38.400000000000006,22.12427202769074,0,24.6,38.400000000000006,13.800000000000004,1.6812835860281679,0.9999479166666667,17.702438661763956,0.777536935011167,14.0,10.5,2.634667291000028
sweep,lidar_noise,0.2,9,1,reached,417,41.7,23.305620228481814,0,27.700000000000003,41.7,14.0,1.4756671997181594,1.0,17.702438661763956,0.738124044462925,14.0,10.5,2.8413882319999857
sweep,lidar_noise,0.2,10,1,reached,407,40.7,23.381044920070778,0,26.3,40.7,14.400000000000002,2.006595240936714,1.0,17.702438661763956,0.7357429370916192,14.0,10.5,2.862094197999909
sweep,lidar_noise,0.2,11,1,reached,395,39.5,22.755669611089306,0,25.700000000000003,39.5,13.799999999999997,0.392987614190859,0.99984375,17.702438661763956,0.7559627537121937,14.0,10.5,2.7721769930000164
sweep,lidar_noise,0.2,12,1,reached,422,42.2,23.341589196561277,0,28.3,42.2,13.900000000000002,2.3161501502661843,1.0,17.702438661763956,0.73698660861953,14.0,10.5,2.9072823340000014
sweep,lidar_noise,0.2,13,1,reached,408,40.800000000000004,22.317132496034915,0,27.0,40.800000000000004,13.800000000000004,3.8196368935324387,0.99984375,17.702438661763956,0.7708176068238298,14.0,10.5,2.8421966380000185
sweep,lidar_noise,0.2,14,1,reached,406,40.6,22.487633417096816,0,26.3,40.6,14.3,1.027417422256368,0.99984375,17.702438661763956,0.764973278543635,14.0,10.5,2.895037763000005
sweep,lidar_noise,0.2,15,1,reached,382,38.2,22.19867811137585,0,24.3,38.2,13.900000000000002,2.764491353656679,1.0,17.702438661763956,0.7749307672941328,14.0,10.5,2.6669565820000116
sweep,lidar_noise,0.2,16,1,reached,404,40.400000000000006,22.277430663375586,0,26.400000000000002,40.400000000000006,14.000000000000004,4.955101293617562,0.9997916666666666,17.702438661763956,0.7721913232141717,14.0,10.5,2.8735152630000584
sweep,lidar_noise,0.2,17,1,reached,417,41.7,22.74911056900733,0,28.0,41.7,13.700000000000003,1.4117949231826474,0.99953125,17.702438661763956,0.7561807135088621,14.0,10.5,2.87984239900004
sweep,lidar_noise,0.2,18,1,reached,407,40.7,22.349480269334293,0,26.3,40.7,14.400000000000002,1.1284779551809578,0.9994791666666667,17.702438661763956,0.7697019552337157,14.0,10.5,2.7276589829999693
sweep,lidar_noise,0.2,19,1,reached,422,42.2,23.714407278212867,0,28.400000000000002,42.2,13.8,1.717625807324108,1.0,17.702438661763956,0.7254003214142464,14.0,10.5,2.9368293530000074
sweep,lidar_noise,0.3,0,1,reached,561,56.1,24.48091411171855,0,42.300000000000004,56.1,13.799999999999997,1.3223067878480768,1.0,17.702438661763956,0.7026877584415638,14.0,10.5,3.879196943000011
sweep,lidar_noise,0.3,1,1,reached,415,41.5,23.367016851219457,0,27.700000000000003,41.5,13.799999999999997,1.6548856535070509,1.0,17.702438661763956,0.7361846302972221,14.0,10.5,3.2258234060000177
sweep,lidar_noise,0.3,2,1,reached,292,29.200000000000003,16.557659032575238,0,15.5,29.200000000000003,13.700000000000003,0.44071666082448474,0.9980208333333334,17.702438661763956,1.0389414728205353,14.0,10.5,2.0514090850000457
sweep,lidar_noise,0.3,3,1,reached,576,57.6,22.939334069899225,1,43.800000000000004,57.6,13.799999999999997,3.483714663713217,1.0,17.702438661763956,0.7499101154961962,14.0,10.5,4.040605421000009
sweep,lidar_noise,0.3,4,1,reached,406,40.6,21.76874815974275,0,26.8,40.6,13.8,2.4108140833360903,1.0,17.702438661763956,0.7902355493999728,14.0,10.5,3.14802353399989
sweep,lidar_noise,0.3,5,1,reached,443,44.300000000000004,22.03229168112674,0,30.5,44.300000000000004,13.800000000000004,1.4970118190446289,1.0,17.702438661763956,0.7807829939225014,14.0,10.5,3.0245115540000143
sweep,lidar_noise,0.3,6,1,reached,431,43.1,23.95915854502053,0,29.3,43.1,13.8,0.6543506241793889,1.0,17.702438661763956,0.7179901009227708,14.0,10.5,3.0307821740000236
sweep,lidar_noise,0.3,7,1,reached,405,40.5,22.34474007072527,0,26.8,40.5,13.7,0.6372786118905179,1.0,17.702438661763956,0.7698652393053144,14.0,10.5,2.8596351840000125
sweep,lidar_noise,0.3,8,1,reached,387,38.7,21.26362997896276,0,24.900000000000002,38.7,13.8,1.693950941161843,1.0,17.702438661763956,0.8090076190557888,14.0,10.5,3.403106684000022
sweep,lidar_noise,0.3,9,1,reached,377,37.7,20.327517074518674,0,23.5,37.7,14.200000000000003,0.6950472848133107,0.9999479166666667,17.702438661763956,0.8462636434494932,14.0,10.5,2.7676494290000164
sweep,lidar_noise,0.3,10,1,reached,376,37.6,20.76705730972063,0,23.8,37.6,13.8,4.944691406019245,0.9999479166666667,17.702438661763956,0.8283522506441897,14.0,10.5,2.8269467850000183
sweep,lidar_noise,0.3,11,1,reached,643,64.3,24.675512161642054,0,49.7,64.3,14.599999999999994,1.3508797696529942,1.0,17.702438661763956,0.6971461645487161,14.0,10.5,4.7759413710000445
sweep,lidar_noise,0.3,12,1,reached,413,41.300000000000004,22.89322227991207,0,27.400000000000002,41.300000000000004,13.900000000000002,2.2863705612780403,1.0,17.702438661763956,0.751420593022348,14.0,10.5,3.452597523999998
sweep,lidar_noise,0.3,13,1,reached,403,40.300000000000004,21.136975649671236,0,25.700000000000003,40.300000000000004,14.600000000000001,0.2109471657305831,0.9997395833333333,17.702438661763956,0.8138552528460486,14.0,10.5,3.1068437389999417
sweep,lidar_noise,0.3,14,1,reached,402,40.2,22.150290657560905,0,25.8,40.2,14.400000000000002,0.7554433328192564,1.0,17.702438661763956,0.7766236085887197,14.0,10.5,2.9376400529999955
sweep,lidar_noise,0.3,15,0,searching,700,70.0,3.484010135212831,0,nan,nan,nan,nan,0.5404166666666667,17.702438661763956,4.937539787240915,14.0,10.5,7.348111720999896
sweep,lidar_noise,0.3,16,1,reached,358,35.800000000000004,19.3955102320484,0,22.0,35.800000000000004,13.800000000000004,0.8271534299596232,0.9991666666666666,17.702438661763956,0.886928905502022,14.0,10.5,2.5149849299999687
sweep,lidar_noise,0.3,17,1,reached,458,45.800000000000004,24.820075033457154,0,31.400000000000002,45.800000000000004,14.400000000000002,1.4235567602588832,1.0,17.702438661763956,0.6930856832050379,14.0,10.5,3.119601231000047
sweep,lidar_noise,0.3,18,1,reached,387,38.7,22.1748014679896,0,25.1,38.7,13.600000000000001,1.3960589407785244,1.0,17.702438661763956,0.7757651714084796,14.0,10.5,2.6787582770000427
sweep,lidar_noise,0.3,19,1,reached,430,43.0,22.930736611532062,0,29.3,43.0,13.7,0.565081124246703,1.0,17.702438661763956,0.7501912805152846,14.0,10.5,3.1474007100000563
sweep,lidar_range,2.0,0,0,searching,700,70.0,26.655755053294026,0,nan,nan,nan,nan,0.31828125,17.702438661763956,0.6453555199382033,14.0,10.5,4.919337543000097
sweep,lidar_range,2.0,1,0,searching,700,70.0,3.9707001319410855,0,nan,nan,nan,nan,0.12989583333333332,17.702438661763956,4.332343941911954,14.0,10.5,7.6864160809999476
sweep,lidar_range,2.0,2,0,searching,700,70.0,30.00885660836487,4,nan,nan,nan,nan,0.37192708333333335,17.702438661763956,0.5732453883953991,14.0,10.5,4.35746752099999
sweep,lidar_range,2.0,3,0,searching,700,70.0,7.748902854585567,0,nan,nan,nan,nan,0.20255208333333333,17.702438661763956,2.2199837815212864,14.0,10.5,7.256774313999927
sweep,lidar_range,2.0,4,0,searching,700,70.0,3.974624338065259,0,nan,nan,nan,nan,0.1290625,17.702438661763956,4.328066553866483,14.0,10.5,7.700684613000021
sweep,lidar_range,2.0,5,0,searching,700,70.0,33.55845725629683,0,nan,nan,nan,nan,0.4331770833333333,17.702438661763956,0.5126111290034386,14.0,10.5,4.453901459999997
sweep,lidar_range,2.0,6,0,searching,700,70.0,3.804984646709101,0,nan,nan,nan,nan,0.12864583333333332,17.702438661763956,4.521027089200531,14.0,10.5,7.9079084380000495
sweep,lidar_range,2.0,7,0,searching,700,70.0,8.063401267727162,0,nan,nan,nan,nan,0.20046875,17.702438661763956,2.13339732088179,14.0,10.5,7.329806074999965
sweep,lidar_range,2.0,8,0,searching,700,70.0,3.998434525159593,0,nan,nan,nan,nan,0.129375,17.702438661763956,4.302293448478399,14.0,10.5,7.586178215000018
sweep,lidar_range,2.0,9,0,searching,700,70.0,32.674808715793375,0,nan,nan,nan,nan,0.37671875,17.702438661763956,0.5264740433950621,14.0,10.5,4.353902017999985
sweep,lidar_range,2.0,10,0,searching,700,70.0,18.81023435020073,0,nan,nan,nan,nan,0.26880208333333333,17.702438661763956,0.9145254833882697,14.0,10.5,6.162887894999926
sweep,lidar_range,2.0,11,0,searching,700,70.0,32.78778009214506,0,nan,nan,nan,nan,0.44979166666666665,17.702438661763956,0.5246600597362531,14.0,10.5,4.353322510999988
sweep,lidar_range,2.0,12,0,searching,700,70.0,4.016102161068918,0,nan,nan,nan,nan,0.12973958333333332,17.702438661763956,4.283366799908642,14.0,10.5,7.712157934000061
sweep,lidar_range,2.0,13,0,searching,700,70.0,3.964597789136563,0,nan,nan,nan,nan,0.12921875,17.702438661763956,4.339012322738146,14.0,10.5,7.636877992999985
sweep,lidar_range,2.0,14,0,searching,700,70.0,7.84622508652987,0,nan,nan,nan,nan,0.20114583333333333,17.702438661763956,2.192447765906756,14.0,10.5,6.978686954999944
sweep,lidar_range,2.0,15,0,searching,700,70.0,35.25585571322259,0,nan,nan,nan,nan,0.38536458333333334,17.702438661763956,0.4879313893751908,14.0,10.5,4.2551961450000135
sweep,lidar_range,2.0,16,0,searching,700,70.0,3.81278681942208,0,nan,nan,nan,nan,0.12869791666666666,17.702438661763956,4.5117756319697415,14.0,10.5,7.740513748000012
sweep,lidar_range,2.0,17,0,searching,700,70.0,3.7809520251499875,0,nan,nan,nan,nan,0.12890625,17.702438661763956,4.5497638021687274,14.0,10.5,7.650602003000017
sweep,lidar_range,2.0,18,0,searching,700,70.0,7.698834550543937,0,nan,nan,nan,nan,0.19864583333333333,17.702438661763956,2.234421138527853,14.0,10.5,6.988715668000054
sweep,lidar_range,2.0,19,0,searching,700,70.0,5.049592031230743,0,nan,nan,nan,nan,0.14359375,17.702438661763956,3.4066987105829987,14.0,10.5,7.57768128400005
sweep,lidar_range,3.0,0,0,navigating,700,70.0,38.858140744749996,0,58.1,nan,nan,14.100850147898095,0.7793229166666666,17.702438661763956,0.44269844959291127,14.0,10.5,4.046812880000061
sweep,lidar_range,3.0,1,0,searching,700,70.0,37.769821657134024,0,nan,nan,nan,nan,0.5644270833333334,17.702438661763956,0.4554545906497478,14.0,10.5,4.137719502999971
sweep,lidar_range,3.0,2,0,searching,700,70.0,36.83319515457206,0,nan,nan,nan,nan,0.5222916666666667,17.702438661763956,0.46703628587129614,14.0,10.5,4.04320850299996
sweep,lidar_range,3.0,3,1,reached,619,61.900000000000006,31.675869153146955,0,46.6,61.900000000000006,15.300000000000004,3.45574345949151,0.7188020833333333,17.702438661763956,0.5430770842812033,14.0,10.5,3.429856737000023
sweep,lidar_range,3.0,4,0,navigating,700,70.0,36.6048936616197,0,63.2,nan,nan,10.152821313627502,0.6824479166666667,17.702438661763956,0.46994914999031256,14.0,10.5,4.059805138999991
sweep,lidar_range,3.0,5,1,reached,472,47.2,25.955521802791925,0,32.0,47.2,15.200000000000003,3.097311862105091,0.7513020833333334,17.702438661763956,0.6627660500323119,14.0,10.5,2.7417352119999805
sweep,lidar_range,3.0,6,1,reached,452,45.2,24.241396234075204,0,31.400000000000002,45.2,13.8,0.5929891652456077,0.7273958333333334,17.702438661763956,0.7096306869314378,14.0,10.5,2.750476762999938
sweep,lidar_range,3.0,7,0,navigating,700,70.0,38.61377330585362,0,62.6,nan,nan,7.403717390807365,0.7334375,17.702438661763956,0.4455000687321114,14.0,10.5,4.1231155570000055
sweep,lidar_range,3.0,8,1,reached,598,59.800000000000004,31.633320050376092,0,45.900000000000006,59.800000000000004,13.899999999999999,1.8547619602119698,0.7771354166666666,17.702438661763956,0.5438075622277098,14.0,10.5,3.51083151499995
sweep,lidar_range,3.0,9,0,searching,700,70.0,37.14319767946654,0,nan,nan,nan,nan,0.55765625,17.702438661763956,0.46313833316709263,14.0,10.5,3.890154884000026
sweep,lidar_range,3.0,10,0,navigating,700,70.0,36.403524856288655,0,66.4,nan,nan,5.58009763154438,0.6344270833333333,17.702438661763956,0.47254870866693727,14.0,10.5,4.231989578999901
sweep,lidar_range,3.0,11,0,searching,700,70.0,18.698990741466492,0,nan,nan,nan,nan,0.4221875,17.702438661763956,0.9199661575111745,14.0,10.5,5.119700233999993
sweep,lidar_range,3.0,12,0,navigating,700,70.0,36.417043296770274,1,61.6,nan,nan,5.5354177937235445,0.6647395833333334,17.702438661763956,0.47237329295455444,14.0,10.5,4.142007371999966
sweep,lidar_range,3.0,13,0,navigating,700,70.0,37.079707276747264,0,56.900000000000006,nan,nan,1.6742211263760478,0.7600520833333333,17.702438661763956,0.4639313501957344,14.0,10.5,4.18905075400005
sweep,lidar_range,3.0,14,1,reached,437,43.7,23.20939134561932,0,29.900000000000002,43.7,13.8,0.9870441909282931,0.7122916666666667,17.702438661763956,0.7411843940927322,14.0,10.5,2.4712869579999506
sweep,lidar_range,3.0,15,0,navigating,700,70.0,36.30964598422811,0,61.400000000000006,nan,nan,5.776801970137532,0.7021875,17.702438661763956,0.4737704870280534,14.0,10.5,4.123168008999983
sweep,lidar_range,3.0,16,0,navigating,700,70.0,35.9626119832012,0,64.5,nan,nan,6.604349876865142,0.58265625,17.702438661763956,0.4783423036624685,14.0,10.5,4.339585968999927
sweep,lidar_range,3.0,17,1,reached,508,50.800000000000004,26.48685066062316,0,37.1,50.800000000000004,13.700000000000003,1.3371557879004454,0.7144791666666667,17.702438661763956,0.6494708971700464,14.0,10.5,2.9653780090000055
sweep,lidar_range,3.0,18,1,reached,548,54.800000000000004,28.916676490406143,0,39.5,54.800000000000004,15.300000000000004,0.8909360988706159,0.7163020833333333,17.702438661763956,0.5948968121378441,14.0,10.5,3.2252428399999644
sweep,lidar_range,3.0,19,1,reached,465,46.5,24.910354182562923,0,31.1,46.5,15.399999999999999,0.5906472883795152,0.7342708333333333,17.702438661763956,0.6905738286854848,14.0,10.5,2.74571176500001
sweep,lidar_range,4.5,0,0,searching,700,70.0,37.67041964222106,0,nan,nan,nan,nan,0.6255208333333333,17.702438661763956,0.4566564117189562,14.0,10.5,4.72820303900005
sweep,lidar_range,4.5,1,0,searching,700,70.0,38.23379123164068,0,nan,nan,nan,nan,0.7188020833333333,17.702438661763956,0.4499276191979607,14.0,10.5,4.621691874000021
sweep,lidar_range,4.5,2,0,navigating,700,70.0,37.54144691770542,0,63.900000000000006,nan,nan,3.650147810601557,0.9078645833333333,17.702438661763956,0.4582252436746354,14.0,10.5,4.611383296999975
sweep,lidar_range,4.5,3,0,navigating,700,70.0,36.741101020762976,0,65.0,nan,nan,1.177595058328278,0.8575,17.702438661763956,0.46820694491552084,14.0,10.5,4.798579810999968
sweep,lidar_range,4.5,4,0,searching,700,70.0,38.11447966086392,0,nan,nan,nan,nan,0.6233333333333333,17.702438661763956,0.45133604905086716,14.0,10.5,4.853634385999953
sweep,lidar_range,4.5,5,0,searching,700,70.0,38.554903850219084,0,nan,nan,nan,nan,0.6349479166666666,17.702438661763956,0.44618030247444657,14.0,10.5,4.907210534000001
sweep,lidar_range,4.5,6,0,searching,700,70.0,37.53506092949935,0,nan,nan,nan,nan,0.6258854166666666,17.702438661763956,0.4583032033456567,14.0,10.5,4.7993299969999725
sweep,lidar_range,4.5,7,0,navigating,700,70.0,37.39982613820519,0,66.3,nan,nan,6.380341528227958,0.8427083333333333,17.702438661763956,0.45996039121131316,14.0,10.5,4.6448459739999635
sweep,lidar_range,4.5,8,0,searching,700,70.0,36.60606858768353,0,nan,nan,nan,nan,0.6847916666666667,17.702438661763956,0.4699340662753357,14.0,10.5,4.8264182269999765
sweep,lidar_range,4.5,9,0,navigating,700,70.0,39.01989387320388,0,65.3,nan,nan,8.902712560588997,0.8663020833333334,17.702438661763956,0.4408632867547952,14.0,10.5,4.581733320000012
sweep,lidar_range,4.5,10,0,searching,700,70.0,27.090628272580688,0,nan,nan,nan,nan,0.5833854166666667,17.702438661763956,0.634995928801515,14.0,10.5,5.40211929499992
sweep,lidar_range,4.5,11,0,searching,700,70.0,25.758961539982877,0,nan,nan,nan,nan,0.5875520833333333,17.702438661763956,0.6678234537934479,14.0,10.5,5.487052014999904
sweep,lidar_range,4.5,12,0,navigating,700,70.0,39.138655055022205,0,64.60000000000001,nan,nan,2.9978028545562507,0.8658333333333333,17.702438661763956,0.439525544185928,14.0,10.5,4.67947067700004
sweep,lidar_range,4.5,13,0,navigating,700,70.0,39.47072326411298,0,56.800000000000004,nan,nan,1.3618434724671844,0.9721875,17.702438661763956,0.4358278044883083,14.0,10.5,4.728455405999966
sweep,lidar_range,4.5,14,0,navigating,700,70.0,38.613151886911126,0,62.300000000000004,nan,nan,5.642764251683656,0.91359375,17.702438661763956,0.4455072383664993,14.0,10.5,4.67833714599999
sweep,lidar_range,4.5,15,0,navigating,700,70.0,36.8858292283257,0,68.9,nan,nan,4.875112099400397,0.7439583333333334,17.702438661763956,0.46636985047237883,14.0,10.5,4.5782481210000014
sweep,lidar_range,4.5,16,0,navigating,700,70.0,38.84235666113359,0,60.0,nan,nan,6.801992781361641,0.96890625,17.702438661763956,0.44287834571523427,14.0,10.5,4.690344162000088
sweep,lidar_range,4.5,17,0,navigating,700,70.0,39.71162171221981,0,58.7,nan,nan,4.278500880983572,0.9680729166666666,17.702438661763956,0.43318398796266055,14.0,10.5,4.5668394170000965
sweep,lidar_range,4.5,18,1,reached,469,46.900000000000006,25.050955113218066,0,32.5,46.900000000000006,14.400000000000006,1.0230265392662852,0.8474479166666666,17.702438661763956,0.6866979156689773,14.0,10.5,3.0836824460000116
sweep,lidar_range,4.5,19,0,searching,700,70.0,37.019009252428944,0,nan,nan,nan,nan,0.6163020833333334,17.702438661763956,0.4646920328002902,14.0,10.5,4.740607716000113
sweep,lidar_range,6.0,0,1,reached,423,42.300000000000004,23.029205720112326,0,28.5,42.300000000000004,13.800000000000004,1.320059184056837,0.9936979166666666,17.702438661763956,0.7469835855754408,14.0,10.5,2.8499924190000456
sweep,lidar_range,6.0,1,1,reached,577,57.7,31.969994296049546,0,43.7,57.7,14.0,1.360193873941684,0.9952083333333334,17.702438661763956,0.5380807547998099,14.0,10.5,4.051594879999925
sweep,lidar_range,6.0,2,1,reached,574,57.400000000000006,30.990697588598497,0,42.5,57.400000000000006,14.900000000000006,3.7698501299656275,0.995625,17.702438661763956,0.5550839445476938,14.0,10.5,4.070445583000037
sweep,lidar_range,6.0,3,1,reached,604,60.400000000000006,32.82057387274578,0,45.7,60.400000000000006,14.700000000000003,1.5371696416528575,0.9958333333333333,17.702438661763956,0.5241358279858984,14.0,10.5,4.295461004000117
sweep,lidar_range,6.0,4,1,reached,609,60.900000000000006,33.47667830758434,0,45.7,60.900000000000006,15.200000000000003,1.0793939203131446,0.9947916666666666,17.702438661763956,0.5138633679156466,14.0,10.5,4.373136246000058
sweep,lidar_range,6.0,5,1,reached,404,40.400000000000006,22.056483608229406,0,26.6,40.400000000000006,13.800000000000004,1.489027132858149,0.9924479166666667,17.702438661763956,0.7799266178288558,14.0,10.5,2.7682968819999587
sweep,lidar_range,6.0,6,1,reached,667,66.7,36.73332682937815,0,51.800000000000004,66.7,14.899999999999999,0.8356407021601802,0.9956770833333334,17.702438661763956,0.4683060355972439,14.0,10.5,5.193864524999981
sweep,lidar_range,6.0,7,1,reached,396,39.6,22.41885539762734,0,25.8,39.6,13.8,1.0651152662255254,0.9922395833333333,17.702438661763956,0.7673201132107996,14.0,10.5,2.6511096829999587
sweep,lidar_range,6.0,8,1,reached,418,41.800000000000004,21.996415477669288,0,27.3,41.800000000000004,14.500000000000004,2.141319692453283,0.9921875,17.702438661763956,0.7820564527537605,14.0,10.5,2.790186321999954
sweep,lidar_range,6.0,9,1,reached,389,38.900000000000006,22.285359340691688,0,25.200000000000003,38.900000000000006,13.700000000000003,3.778993588326409,0.99375,17.702438661763956,0.7719165932565138,14.0,10.5,2.727953397999954
sweep,lidar_range,6.0,10,1,reached,551,55.1,29.747420742566526,0,41.300000000000004,55.1,13.799999999999997,4.944726038757017,0.9940104166666667,17.702438661763956,0.5782833681828571,14.0,10.5,4.059434811000074
sweep,lidar_range,6.0,11,1,reached,590,59.0,31.89082131217849,0,43.5,59.0,15.5,2.5244430325076466,0.9957291666666667,17.702438661763956,0.5394166081007978,14.0,10.5,4.312191619000032
sweep,lidar_range,6.0,12,1,reached,417,41.7,22.575567605763908,0,27.8,41.7,13.900000000000002,2.3379387724537457,0.9931770833333333,17.702438661763956,0.7619936278976168,14.0,10.5,2.7898863359998813
sweep,lidar_range,6.0,13,1,reached,414,41.400000000000006,22.462793887355765,0,27.6,41.400000000000006,13.800000000000004,3.8219633731569536,0.9922916666666667,17.702438661763956,0.7658191918613986,14.0,10.5,2.7711548699999184
sweep,lidar_range,6.0,14,1,reached,629,62.900000000000006,34.31096605128228,0,49.2,62.900000000000006,13.700000000000003,0.9042074707166383,0.995,17.702438661763956,0.5013685314500511,14.0,10.5,4.621289140000044
sweep,lidar_range,6.0,15,1,reached,428,42.800000000000004,23.266678352642117,2,28.900000000000002,42.800000000000004,13.900000000000002,2.7582567200990598,0.9930208333333334,17.702438661763956,0.7393594565169412,14.0,10.5,2.8803481480001665
sweep,lidar_range,6.0,16,1,reached,543,54.300000000000004,29.490101656445272,0,40.6,54.300000000000004,13.700000000000003,1.3366185992931277,0.995,17.702438661763956,0.5833292425427852,14.0,10.5,3.8174253459999363
sweep,lidar_range,6.0,17,1,reached,395,39.5,21.507507882359548,0,25.200000000000003,39.5,14.299999999999997,4.939835049968125,0.99203125,17.702438661763956,0.7998341209896007,14.0,10.5,2.647510771000043
sweep,lidar_range,6.0,18,1,reached,398,39.800000000000004,22.401087073565005,0,26.1,39.800000000000004,13.700000000000003,4.54284256641336,0.99421875,17.702438661763956,0.7679287440502898,14.0,10.5,2.6533964860000196
sweep,lidar_range,6.0,19,1,reached,433,43.300000000000004,24.152112948112922,0,28.400000000000002,43.300000000000004,14.900000000000002,0.3525222499315623,0.9954166666666666,17.702438661763956,0.7122539836875033,14.0,10.5,3.1044837329998245
sweep,lidar_range,8.0,0,1,reached,467,46.7,25.06779057246871,0,31.5,46.7,15.200000000000003,1.2059593202241532,0.9966666666666667,17.702438661763956,0.686236731236176,14.0,10.5,3.309156377999898
sweep,lidar_range,8.0,1,1,reached,427,42.7,23.056430205397913,0,28.700000000000003,42.7,14.0,1.3514389698354856,0.9966145833333333,17.702438661763956,0.7461015650955612,14.0,10.5,3.0059946540000055
sweep,lidar_range,8.0,2,1,reached,428,42.800000000000004,22.615782500395206,0,29.1,42.800000000000004,13.700000000000003,0.5314984171679701,0.9966666666666667,17.702438661763956,0.7606386673316896,14.0,10.5,3.0621233389999816
sweep,lidar_range,8.0,3,1,reached,445,44.5,23.900870266996545,0,30.8,44.5,13.7,2.7719417935151616,0.9966666666666667,17.702438661763956,0.7197411002024432,14.0,10.5,3.216660673999968
sweep,lidar_range,8.0,4,1,reached,438,43.800000000000004,23.31584480691917,0,30.0,43.800000000000004,13.800000000000004,2.502718646829084,0.9966666666666667,17.702438661763956,0.7378003586925141,14.0,10.5,3.098728211999969
sweep,lidar_range,8.0,5,1,reached,404,40.400000000000006,22.08804045701409,0,26.6,40.400000000000006,13.800000000000004,1.4883832448906125,0.9966666666666667,17.702438661763956,0.7788123484852318,14.0,10.5,2.7824364069999774
sweep,lidar_range,8.0,6,1,reached,419,41.900000000000006,22.834949345150367,0,28.1,41.900000000000006,13.800000000000004,0.6275686931341934,0.9966666666666667,17.702438661763956,0.7533381573021694,14.0,10.5,2.8664069579999705
sweep,lidar_range,8.0,7,1,reached,415,41.5,23.22840510234074,0,27.3,41.5,14.2,2.4708324889589184,0.9966666666666667,17.702438661763956,0.7405776929570793,14.0,10.5,2.925536648000161
sweep,lidar_range,8.0,8,1,reached,430,43.0,22.63862016704409,0,28.8,43.0,14.2,3.4311308643098157,0.99625,17.702438661763956,0.7598713408693614,14.0,10.5,3.024117737000097
sweep,lidar_range,8.0,9,1,reached,405,40.5,22.135297641078296,0,26.8,40.5,13.7,3.77172512732388,0.9966666666666667,17.702438661763956,0.7771496431039614,14.0,10.5,2.913468053000088
sweep,lidar_range,8.0,10,1,reached,429,42.900000000000006,23.43071485796034,0,29.1,42.900000000000006,13.800000000000004,4.8645450452988594,0.9966666666666667,17.702438661763956,0.7341832618444251,14.0,10.5,3.076432253999883
sweep,lidar_range,8.0,11,1,reached,430,43.0,23.150610348394853,0,29.200000000000003,43.0,13.799999999999997,0.3933726267752691,0.9966666666666667,17.702438661763956,0.7430663124161082,14.0,10.5,3.0235711200000424
sweep,lidar_range,8.0,12,1,reached,392,39.2,22.338128556886275,0,25.200000000000003,39.2,14.0,1.5160430404130147,0.9966666666666667,17.702438661763956,0.770093099695269,14.0,10.5,2.6773129309999604
sweep,lidar_range,8.0,13,1,reached,411,41.1,22.42155549814023,0,27.200000000000003,41.1,13.899999999999999,2.625847536176455,0.9966666666666667,17.702438661763956,0.7672277092100422,14.0,10.5,2.8788086649999514
sweep,lidar_range,8.0,14,1,reached,446,44.6,24.007936313219208,0,30.3,44.6,14.3,1.00217704323753,0.9966666666666667,17.702438661763956,0.71653133519402,14.0,10.5,3.152644151000004
sweep,lidar_range,8.0,15,1,reached,390,39.0,22.26175386040945,0,25.200000000000003,39.0,13.799999999999997,2.266949336169271,0.9966666666666667,17.702438661763956,0.7727351029766332,14.0,10.5,2.6892535490001137
sweep,lidar_range,8.0,16,1,reached,429,42.900000000000006,23.47419240648604,0,29.1,42.900000000000006,13.800000000000004,0.8362427853218245,0.9966666666666667,17.702438661763956,0.7328234498500078,14.0,10.5,3.1096748879999723
sweep,lidar_range,8.0,17,1,reached,395,39.5,21.507507882359548,0,25.200000000000003,39.5,14.299999999999997,4.939835049968125,0.9959375,17.702438661763956,0.7998341209896007,14.0,10.5,2.733787388999872
sweep,lidar_range,8.0,18,1,reached,442,44.2,23.58994628635295,0,29.3,44.2,14.900000000000002,3.1309113356702833,0.9966666666666667,17.702438661763956,0.7292275468942361,14.0,10.5,3.064914606000002
sweep,lidar_range,8.0,19,1,reached,291,29.1,16.586390392106676,0,15.4,29.1,13.700000000000001,0.523718318879613,0.9944791666666667,17.702438661763956,1.0371417924632025,14.0,10.5,2.0453256799999053
sweep,num_beams,30.0,0,1,reached,415,41.5,22.966844988444766,0,27.700000000000003,41.5,13.799999999999997,1.3192753389709677,0.9960416666666667,17.702438661763956,0.7490118329452288,14.0,10.5,1.856112972999881
sweep,num_beams,30.0,1,1,reached,407,40.7,21.873955659578762,0,26.6,40.7,14.100000000000001,1.5631599400982803,0.9861458333333334,17.702438661763956,0.7864347413647099,14.0,10.5,1.7697238939999806
sweep,num_beams,30.0,2,1,reached,532,53.2,27.531300881575685,0,39.5,53.2,13.700000000000003,0.4856434533898296,0.9963541666666667,17.702438661763956,0.6248320315759601,14.0,10.5,2.3553341179999734
sweep,num_beams,30.0,3,1,reached,378,37.800000000000004,18.897703305510124,0,24.1,37.800000000000004,13.700000000000003,2.787516578249,0.9898958333333333,17.702438661763956,0.9102925569134177,14.0,10.5,1.6188931490000869
sweep,num_beams,30.0,4,1,reached,485,48.5,25.486699384900906,0,34.6,48.5,13.899999999999999,3.4501383833532024,0.9961458333333333,17.702438661763956,0.6749574906492287,14.0,10.5,2.128508813000053
sweep,num_beams,30.0,5,1,reached,351,35.1,18.814841663220673,0,18.1,35.1,17.0,2.701458450913482,0.98796875,17.702438661763956,0.9143015375670873,14.0,10.5,1.5701073959999121
sweep,num_beams,30.0,6,1,reached,367,36.7,19.619651444141343,0,21.5,36.7,15.200000000000003,1.7914626322865266,0.9869270833333333,17.702438661763956,0.8767963442541588,14.0,10.5,1.600810804000048
sweep,num_beams,30.0,7,1,reached,355,35.5,19.764432934268164,0,18.7,35.5,16.8,0.40611081380745223,0.9841666666666666,17.702438661763956,0.8703734996584624,14.0,10.5,1.5391626709999855
sweep,num_beams,30.0,8,1,reached,571,57.1,25.809375820311608,3,43.300000000000004,57.1,13.799999999999997,1.6922522141127039,0.9959375,17.702438661763956,0.6665189728542712,14.0,10.5,2.673319177999929
sweep,num_beams,30.0,9,1,reached,397,39.7,20.413979512416862,0,25.400000000000002,39.7,14.3,0.7124935534964015,0.98875,17.702438661763956,0.8426793340955654,14.0,10.5,1.6715720109998529
sweep,num_beams,30.0,10,1,reached,373,37.300000000000004,19.724327340580228,0,22.1,37.300000000000004,15.200000000000003,0.8860512908704259,0.98609375,17.702438661763956,0.8721432353422864,14.0,10.5,1.5966431000001648
sweep,num_beams,30.0,11,1,reached,495,49.5,24.003248593446735,0,35.7,49.5,13.799999999999997,0.3932342571575473,0.99640625,17.702438661763956,0.716671270340486,14.0,10.5,2.1584980180000457
sweep,num_beams,30.0,12,1,reached,577,57.7,31.50874970407037,0,43.800000000000004,57.7,13.899999999999999,2.2806622579080513,0.9965625,17.702438661763956,0.5459575141295342,14.0,10.5,2.7672533209999983
sweep,num_beams,30.0,13,1,reached,692,69.2,38.049524843156874,0,54.400000000000006,69.2,14.799999999999997,2.0125273824183565,0.9965104166666666,17.702438661763956,0.4521065304408861,14.0,10.5,3.5579880870000125
sweep,num_beams,30.0,14,1,reached,627,62.7,33.235101523373366,0,48.900000000000006,62.7,13.799999999999997,0.98728374596567,0.9965625,17.702438661763956,0.5175984989745236,14.0,10.5,2.8762804909999886
sweep,num_beams,30.0,15,1,reached,437,43.7,24.107530160588848,0,29.8,43.7,13.900000000000002,2.7657534753725352,0.99609375,17.702438661763956,0.7135711766063294,14.0,10.5,1.9161102680000113
sweep,num_beams,30.0,16,1,reached,331,33.1,18.308897316002174,0,19.400000000000002,33.1,13.7,1.4083376526749398,0.98875,17.702438661763956,0.939567160427998,14.0,10.5,1.39574337199997
sweep,num_beams,30.0,17,1,reached,355,35.5,19.220577827983853,0,20.3,35.5,15.2,2.0705063877154672,0.9814583333333333,17.702438661763956,0.8950011188903164,14.0,10.5,1.5884454919998916
sweep,num_beams,30.0,18,1,reached,424,42.400000000000006,23.24441354378918,0,28.700000000000003,42.400000000000006,13.700000000000003,4.089380709901114,0.99609375,17.702438661763956,0.7400676566589646,14.0,10.5,1.8110798969998996
sweep,num_beams,30.0,19,0,navigating,700,70.0,36.12282110262795,0,58.7,nan,nan,0.6775700896674367,0.99640625,17.702438661763956,0.47622079717667654,14.0,10.5,3.2938521150001634
sweep,num_beams,60.0,0,1,reached,392,39.2,22.501650680140468,0,25.400000000000002,39.2,13.8,1.312025533014041,0.9965104166666666,17.702438661763956,0.7644967432076663,14.0,10.5,2.0075075520001064
sweep,num_beams,60.0,1,1,reached,424,42.400000000000006,22.47454825519421,0,28.5,42.400000000000006,13.900000000000006,4.61709992264924,0.9964583333333333,17.702438661763956,0.7654186623211975,14.0,10.5,2.2486841939999067
sweep,num_beams,60.0,2,1,reached,391,39.1,22.235996790319152,0,25.3,39.1,13.8,1.5472627035346007,0.99640625,17.702438661763956,0.773630200794657,14.0,10.5,2.020147837999957
sweep,num_beams,60.0,3,1,reached,339,33.9,18.763045647850248,0,20.1,33.9,13.799999999999997,3.4575717106343724,0.9921875,17.702438661763956,0.9168254975564111,14.0,10.5,1.681511399000101
sweep,num_beams,60.0,4,1,reached,348,34.800000000000004,19.802716270722314,0,19.3,34.800000000000004,15.500000000000004,0.5942802661703382,0.9885416666666667,17.702438661763956,0.8686908617277527,14.0,10.5,1.9376470449999488
sweep,num_beams,60.0,5,1,reached,464,46.400000000000006,25.15234018421206,0,32.5,46.400000000000006,13.900000000000006,1.2703090754702056,0.9964583333333333,17.702438661763956,0.6839299459126194,14.0,10.5,2.3780509649998294
sweep,num_beams,60.0,6,1,reached,414,41.400000000000006,23.062032817979475,0,27.6,41.400000000000006,13.800000000000004,0.6446572393359774,0.9966145833333333,17.702438661763956,0.7459203096941525,14.0,10.5,2.1290290120000464
sweep,num_beams,60.0,7,1,reached,402,40.2,22.28046496788191,0,26.6,40.2,13.600000000000001,1.6707644889750815,0.9964583333333333,17.702438661763956,0.7720861609738346,14.0,10.5,2.002269017999879
sweep,num_beams,60.0,8,1,reached,557,55.7,29.209024411468995,0,40.1,55.7,15.600000000000001,3.9259621929479525,0.9966145833333333,17.702438661763956,0.5889425959399512,14.0,10.5,2.9453918310000518
sweep,num_beams,60.0,9,1,reached,423,42.300000000000004,23.001678978505005,0,28.6,42.300000000000004,13.700000000000003,3.9782010041352387,0.9966666666666667,17.702438661763956,0.7478775213687479,14.0,10.5,2.1436222560000715
sweep,num_beams,60.0,10,1,reached,418,41.800000000000004,23.088991043655945,0,28.0,41.800000000000004,13.800000000000004,4.869017693126679,0.9965104166666666,17.702438661763956,0.7450493886561834,14.0,10.5,2.1427919590000784
sweep,num_beams,60.0,11,1,reached,430,43.0,23.046791981071053,0,29.200000000000003,43.0,13.799999999999997,0.3923675646766534,0.9966666666666667,17.702438661763956,0.7464135865804135,14.0,10.5,2.254958201999898
sweep,num_beams,60.0,12,1,reached,398,39.800000000000004,22.306581134116215,0,26.0,39.800000000000004,13.800000000000004,2.4979013095889475,0.9965104166666666,17.702438661763956,0.7711822156132272,14.0,10.5,1.9768965509999816
sweep,num_beams,60.0,13,1,reached,415,41.5,22.85413903361348,0,27.700000000000003,41.5,13.799999999999997,3.8002102145968166,0.9965625,17.702438661763956,0.7527056099756328,14.0,10.5,2.038816332999886
sweep,num_beams,60.0,14,1,reached,440,44.0,23.546704496258897,0,30.200000000000003,44.0,13.799999999999997,0.9809245582943055,0.9966145833333333,17.702438661763956,0.7305667196229978,14.0,10.5,2.252233593000028
sweep,num_beams,60.0,15,1,reached,374,37.4,20.67714221075275,0,22.200000000000003,37.4,15.199999999999996,0.3179800409161716,0.98984375,17.702438661763956,0.8319543622821417,14.0,10.5,1.8727318389999255
sweep,num_beams,60.0,16,1,reached,434,43.400000000000006,23.2301596764933,0,29.700000000000003,43.400000000000006,13.700000000000003,1.4228197771579372,0.9966666666666667,17.702438661763956,0.7405217571178031,14.0,10.5,2.1898693629998434
sweep,num_beams,60.0,17,1,reached,313,31.3,17.6512620131377,0,17.5,31.3,13.8,5.454378912047887,0.9925520833333333,17.702438661763956,0.974572733040862,14.0,10.5,1.5298874370000703
sweep,num_beams,60.0,18,1,reached,411,41.1,22.259371699294558,0,27.5,41.1,13.600000000000001,1.424729147990165,0.9965104166666666,17.702438661763956,0.7728177998082998,14.0,10.5,2.122826494000037
sweep,num_beams,60.0,19,1,reached,433,43.300000000000004,24.315390260102028,0,29.5,43.300000000000004,13.800000000000004,1.7245271016073922,0.9966666666666667,17.702438661763956,0.7074712138176381,14.0,10.5,2.2106947970000874
sweep,num_beams,100.0,0,1,reached,407,40.7,22.846299260199704,0,26.900000000000002,40.7,13.8,1.3163310184761032,0.9966666666666667,17.702438661763956,0.7529639030743217,14.0,10.5,2.404588841000077
sweep,num_beams,100.0,1,1,reached,414,41.400000000000006,22.491071394957444,0,27.6,41.400000000000006,13.800000000000004,1.618451344118688,0.9966666666666667,17.702438661763956,0.7648563449770022,14.0,10.5,2.5087486580000586
sweep,num_beams,100.0,2,1,reached,434,43.400000000000006,22.834324129832,0,29.700000000000003,43.400000000000006,13.700000000000003,0.46441557325718136,0.9966666666666667,17.702438661763956,0.7533587840810999,14.0,10.5,2.651127618000146
sweep,num_beams,100.0,3,1,reached,319,31.900000000000002,18.06730021957259,0,16.900000000000002,31.900000000000002,15.0,0.864800019378485,0.9929166666666667,17.702438661763956,0.9521311127120301,14.0,10.5,1.9583572789999835
sweep,num_beams,100.0,4,1,reached,475,47.5,22.21197773855759,0,33.7,47.5,13.799999999999997,2.5475896972346987,0.9966145833333333,17.702438661763956,0.7744667703273619,14.0,10.5,3.1926762409998446
sweep,num_beams,100.0,5,1,reached,449,44.900000000000006,24.44849395587037,0,31.1,44.900000000000006,13.800000000000004,1.4910897037103812,0.9966666666666667,17.702438661763956,0.7036195641667919,14.0,10.5,2.7162727470001755
sweep,num_beams,100.0,6,1,reached,308,30.8,17.032299308371034,0,17.0,30.8,13.8,0.647915525831025,0.9947395833333333,17.702438661763956,1.0099892181503236,14.0,10.5,1.9374178640000537
sweep,num_beams,100.0,7,1,reached,337,33.7,17.744189366705406,0,19.5,33.7,14.200000000000003,2.37921713945799,0.9949479166666667,17.702438661763956,0.9694688388550466,14.0,10.5,2.035718746999919
sweep,num_beams,100.0,8,1,reached,402,40.2,22.960748239795358,0,26.400000000000002,40.2,13.8,1.6933073184196432,0.9966666666666667,17.702438661763956,0.7492107174429468,14.0,10.5,2.3817658119999123
sweep,num_beams,100.0,9,1,reached,425,42.5,22.860745428791063,0,28.8,42.5,13.7,3.7690688404429915,0.9965625,17.702438661763956,0.7524880899158706,14.0,10.5,2.5199228640001365
sweep,num_beams,100.0,10,1,reached,421,42.1,23.37098298706057,0,28.3,42.1,13.8,4.9566294469409975,0.9966145833333333,17.702438661763956,0.7360596972445766,14.0,10.5,2.613891527000078
sweep,num_beams,100.0,11,1,reached,452,45.2,24.83532198282108,0,31.3,45.2,13.900000000000002,0.6839459659540468,0.9966666666666667,17.702438661763956,0.6926601826891197,14.0,10.5,2.75597321500004
sweep,num_beams,100.0,12,1,reached,427,42.7,23.05904143271121,0,28.8,42.7,13.900000000000002,2.340924516499008,0.9966666666666667,17.702438661763956,0.7460170758599199,14.0,10.5,2.570230308999953
sweep,num_beams,100.0,13,1,reached,394,39.400000000000006,22.92069000629851,0,25.6,39.400000000000006,13.800000000000004,3.8128708010711,0.99640625,17.702438661763956,0.7505201046319634,14.0,10.5,2.391941570999961
sweep,num_beams,100.0,14,1,reached,410,41.0,22.944304493047838,0,27.200000000000003,41.0,13.799999999999997,0.9085440516032838,0.9966666666666667,17.702438661763956,0.7497476625180042,14.0,10.5,2.58827979900002
sweep,num_beams,100.0,15,1,reached,462,46.2,25.860741961521526,0,32.300000000000004,46.2,13.899999999999999,2.808225413500254,0.9965625,17.702438661763956,0.66519509329468,14.0,10.5,2.8335880090000956
sweep,num_beams,100.0,16,1,reached,322,32.2,18.114614865352188,0,16.900000000000002,32.2,15.3,3.3857997129454636,0.9920833333333333,17.702438661763956,0.9496441845234618,14.0,10.5,2.053332889000103
sweep,num_beams,100.0,17,1,reached,446,44.6,24.05300615434282,0,30.900000000000002,44.6,13.7,1.4009096113310617,0.9966666666666667,17.702438661763956,0.7151887190889867,14.0,10.5,2.7911145839998426
sweep,num_beams,100.0,18,1,reached,401,40.1,22.48565373280992,0,26.400000000000002,40.1,13.7,4.334051561881065,0.9966145833333333,17.702438661763956,0.7650406284013453,14.0,10.5,2.5221995209999477
sweep,num_beams,100.0,19,1,reached,432,43.2,23.24863846977154,0,29.5,43.2,13.700000000000003,0.5653244877478213,0.9966145833333333,17.702438661763956,0.7399331657262853,14.0,10.5,2.7990854989998297
sweep,num_beams,140.0,0,1,reached,467,46.7,25.06779057246871,0,31.5,46.7,15.200000000000003,1.2059593202241532,0.9966666666666667,17.702438661763956,0.686236731236176,14.0,10.5,3.2894958150000093
sweep,num_beams,140.0,1,1,reached,427,42.7,23.056430205397913,0,28.700000000000003,42.7,14.0,1.3514389698354856,0.9966145833333333,17.702438661763956,0.7461015650955612,14.0,10.5,2.986070671999869
sweep,num_beams,140.0,2,1,reached,428,42.800000000000004,22.615782500395206,0,29.1,42.800000000000004,13.700000000000003,0.5314984171679701,0.9966666666666667,17.702438661763956,0.7606386673316896,14.0,10.5,3.1099378060000618
sweep,num_beams,140.0,3,1,reached,445,44.5,23.900870266996545,0,30.8,44.5,13.7,2.7719417935151616,0.9966666666666667,17.702438661763956,0.7197411002024432,14.0,10.5,3.0973429059999944
sweep,num_beams,140.0,4,1,reached,438,43.800000000000004,23.31584480691917,0,30.0,43.800000000000004,13.800000000000004,2.502718646829084,0.9966666666666667,17.702438661763956,0.7378003586925141,14.0,10.5,3.1524645300000884
sweep,num_beams,140.0,5,1,reached,404,40.400000000000006,22.08804045701409,0,26.6,40.400000000000006,13.800000000000004,1.4883832448906125,0.9966666666666667,17.702438661763956,0.7788123484852318,14.0,10.5,2.8257667779998883
sweep,num_beams,140.0,6,1,reached,419,41.900000000000006,22.834949345150367,0,28.1,41.900000000000006,13.800000000000004,0.6275686931341934,0.9966666666666667,17.702438661763956,0.7533381573021694,14.0,10.5,2.931974253999897
sweep,num_beams,140.0,7,1,reached,415,41.5,23.22840510234074,0,27.3,41.5,14.2,2.4708324889589184,0.9966666666666667,17.702438661763956,0.7405776929570793,14.0,10.5,2.8902341010000328
sweep,num_beams,140.0,8,1,reached,430,43.0,22.63862016704409,0,28.8,43.0,14.2,3.4311308643098157,0.99625,17.702438661763956,0.7598713408693614,14.0,10.5,2.972912162000057
sweep,num_beams,140.0,9,1,reached,405,40.5,22.135297641078296,0,26.8,40.5,13.7,3.77172512732388,0.9966666666666667,17.702438661763956,0.7771496431039614,14.0,10.5,2.7989025840001887
sweep,num_beams,140.0,10,1,reached,429,42.900000000000006,23.43071485796034,0,29.1,42.900000000000006,13.800000000000004,4.8645450452988594,0.9966666666666667,17.702438661763956,0.7341832618444251,14.0,10.5,2.95036773899983
sweep,num_beams,140.0,11,1,reached,430,43.0,23.150610348394853,0,29.200000000000003,43.0,13.799999999999997,0.3933726267752691,0.9966666666666667,17.702438661763956,0.7430663124161082,14.0,10.5,2.978343159000133
sweep,num_beams,140.0,12,1,reached,392,39.2,22.338128556886275,0,25.200000000000003,39.2,14.0,1.5160430404130147,0.9966666666666667,17.702438661763956,0.770093099695269,14.0,10.5,2.7036575669999365
sweep,num_beams,140.0,13,1,reached,411,41.1,22.42155549814023,0,27.200000000000003,41.1,13.899999999999999,2.625847536176455,0.9966666666666667,17.702438661763956,0.7672277092100422,14.0,10.5,2.8474182289999135
sweep,num_beams,140.0,14,1,reached,446,44.6,24.007936313219208,0,30.3,44.6,14.3,1.00217704323753,0.9966666666666667,17.702438661763956,0.71653133519402,14.0,10.5,3.147443055000167
sweep,num_beams,140.0,15,1,reached,390,39.0,22.26175386040945,0,25.200000000000003,39.0,13.799999999999997,2.266949336169271,0.9966666666666667,17.702438661763956,0.7727351029766332,14.0,10.5,2.749283675000015
sweep,num_beams,140.0,16,1,reached,429,42.900000000000006,23.47419240648604,0,29.1,42.900000000000006,13.800000000000004,0.8362427853218245,0.9966666666666667,17.702438661763956,0.7328234498500078,14.0,10.5,3.099657232000027
sweep,num_beams,140.0,17,1,reached,395,39.5,21.507507882359548,0,25.200000000000003,39.5,14.299999999999997,4.939835049968125,0.9959375,17.702438661763956,0.7998341209896007,14.0,10.5,2.7801290170000357
sweep,num_beams,140.0,18,1,reached,442,44.2,23.58994628635295,0,29.3,44.2,14.900000000000002,3.1309113356702833,0.9966666666666667,17.702438661763956,0.7292275468942361,14.0,10.5,3.0839800950000154
sweep,num_beams,140.0,19,1,reached,291,29.1,16.586390392106676,0,15.4,29.1,13.700000000000001,0.523718318879613,0.9944791666666667,17.702438661763956,1.0371417924632025,14.0,10.5,2.092140644999972
sweep,num_beams,200.0,0,1,reached,425,42.5,23.450850601834045,0,28.700000000000003,42.5,13.799999999999997,1.327949797496124,0.9966666666666667,17.702438661763956,0.7335528656866113,14.0,10.5,3.6116877259999
sweep,num_beams,200.0,1,1,reached,404,40.400000000000006,22.506421511758454,0,26.6,40.400000000000006,13.800000000000004,1.6303690993764466,0.9966666666666667,17.702438661763956,0.7643346878923671,14.0,10.5,3.3618233930001225
sweep,num_beams,200.0,2,1,reached,396,39.6,22.681727759233567,0,25.900000000000002,39.6,13.7,0.4797454399297768,0.9966666666666667,17.702438661763956,0.7584271729370778,14.0,10.5,3.317380273000026
sweep,num_beams,200.0,3,1,reached,431,43.1,24.015157619894254,0,28.8,43.1,14.3,3.120100577310637,0.9966666666666667,17.702438661763956,0.7163158757497967,14.0,10.5,3.643719682999972
sweep,num_beams,200.0,4,1,reached,421,42.1,23.119303950793192,0,28.200000000000003,42.1,13.899999999999999,3.5441266123076285,0.9966666666666667,17.702438661763956,0.7440725161266701,14.0,10.5,3.4545305510000617
sweep,num_beams,200.0,5,1,reached,425,42.5,23.661085046244203,0,28.6,42.5,13.899999999999999,1.2785981203123509,0.9966666666666667,17.702438661763956,0.7270350716437052,14.0,10.5,3.487534493999874
sweep,num_beams,200.0,6,1,reached,407,40.7,22.371066060687067,0,26.900000000000002,40.7,13.8,0.638152105912595,0.9966666666666667,17.702438661763956,0.7689592715473672,14.0,10.5,3.359432441999843
sweep,num_beams,200.0,7,1,reached,389,38.900000000000006,22.409469391790076,0,25.1,38.900000000000006,13.800000000000004,1.0682038233030993,0.9966666666666667,17.702438661763956,0.7676414983777454,14.0,10.5,3.22530078900013
sweep,num_beams,200.0,8,1,reached,389,38.900000000000006,22.387237418439717,0,25.1,38.900000000000006,13.800000000000004,1.6784851036291892,0.9966666666666667,17.702438661763956,0.7684038159882473,14.0,10.5,3.2295133600000554
sweep,num_beams,200.0,9,1,reached,433,43.300000000000004,23.294401017543183,0,29.6,43.300000000000004,13.700000000000003,3.888811794509814,0.9966666666666667,17.702438661763956,0.7384795448832823,14.0,10.5,3.622521298000038
sweep,num_beams,200.0,10,1,reached,400,40.0,22.77630293260264,0,26.200000000000003,40.0,13.799999999999997,4.856874772052143,0.9966666666666667,17.702438661763956,0.755277918135691,14.0,10.5,3.42036215600001
sweep,num_beams,200.0,11,1,reached,413,41.300000000000004,22.97706361214064,0,27.5,41.300000000000004,13.800000000000004,0.3836804958632828,0.9966666666666667,17.702438661763956,0.7486787237980452,14.0,10.5,3.4564792020000823
sweep,num_beams,200.0,12,1,reached,438,43.800000000000004,23.987236362408765,0,29.3,43.800000000000004,14.500000000000004,1.7871514281959555,0.9966666666666667,17.702438661763956,0.7171496708442202,14.0,10.5,3.792753255999969
sweep,num_beams,200.0,13,1,reached,409,40.900000000000006,22.595278387978066,0,27.1,40.900000000000006,13.800000000000004,3.8214841624644826,0.9966666666666667,17.702438661763956,0.7613289098007574,14.0,10.5,3.5885566140000265
sweep,num_beams,200.0,14,1,reached,414,41.400000000000006,22.6109044625034,0,27.6,41.400000000000006,13.800000000000004,0.969724214151832,0.9966666666666667,17.702438661763956,0.7608027662180199,14.0,10.5,3.4964330479999717
sweep,num_beams,200.0,15,1,reached,446,44.6,24.1152995370255,0,30.3,44.6,14.3,1.934827920675863,0.9966666666666667,17.702438661763956,0.713341280930479,14.0,10.5,3.798334134000015
sweep,num_beams,200.0,16,1,reached,438,43.800000000000004,24.45175401496223,0,30.1,43.800000000000004,13.700000000000003,1.3773160312690242,0.9966666666666667,17.702438661763956,0.7035257532542509,14.0,10.5,3.7199975450000693
sweep,num_beams,200.0,17,1,reached,419,41.900000000000006,22.870683715205807,0,28.200000000000003,41.900000000000006,13.700000000000003,1.3531807938357925,0.9966666666666667,17.702438661763956,0.7521611017831854,14.0,10.5,3.496250148000172
sweep,num_beams,200.0,18,1,reached,403,40.300000000000004,22.36402422426716,0,26.6,40.300000000000004,13.700000000000003,4.200069469734321,0.9966666666666667,17.702438661763956,0.7692013963702303,14.0,10.5,3.371995233000007
sweep,num_beams,200.0,19,1,reached,411,41.1,22.59757084204357,0,27.3,41.1,13.8,1.8381068482035172,0.9966666666666667,17.702438661763956,0.7612516753242441,14.0,10.5,3.4459104069999285
budget,lidar_range,2.0,0,1,reached,1127,112.7,50.76273320626541,0,98.9,112.7,13.799999999999997,1.3189030378283244,0.69890625,17.702438661763956,0.3388792835851624,14.0,10.5,7.580588568999929
budget,lidar_range,2.0,1,1,reached,2055,205.5,48.442224102634526,0,191.70000000000002,205.5,13.799999999999983,1.6243981651179689,0.7372916666666667,17.702438661763956,0.355112486687588,14.0,10.5,18.490563318000113
budget,lidar_range,2.0,2,0,searching,2100,210.0,41.867424556536264,4,nan,nan,nan,nan,0.38390625,17.702438661763956,0.4108788358484865,14.0,10.5,15.360580823999953
budget,lidar_range,2.0,3,1,reached,961,96.10000000000001,21.556404057843398,0,82.2,96.10000000000001,13.900000000000006,2.0036615217001903,0.48072916666666665,17.702438661763956,0.7980198652615611,14.0,10.5,9.316546329999937
budget,lidar_range,2.0,4,0,searching,2100,210.0,3.974624338065259,0,nan,nan,nan,nan,0.1290625,17.702438661763956,4.328066553866483,14.0,10.5,23.99003818899996
budget,lidar_range,2.0,5,1,reached,1481,148.1,75.42225161557498,0,132.0,148.1,16.099999999999994,0.26909139747163535,0.7966145833333333,17.702438661763956,0.22808174369341672,14.0,10.5,9.222660650999842
budget,lidar_range,2.0,6,0,navigating,2100,210.0,58.447764969300145,6,203.10000000000002,nan,nan,9.61550155454355,0.6126041666666666,17.702438661763956,0.29432158219907273,14.0,10.5,17.055062649000092
budget,lidar_range,2.0,7,1,reached,1974,197.4,75.93587341565335,0,179.0,197.4,18.400000000000006,1.663379291424514,0.8044270833333333,17.702438661763956,0.22653902415268543,14.0,10.5,14.883925195000074
budget,lidar_range,2.0,8,0,searching,2100,210.0,3.998434525159593,0,nan,nan,nan,nan,0.129375,17.702438661763956,4.302293448478399,14.0,10.5,24.223788082000056
budget,lidar_range,2.0,9,1,reached,1149,114.9,57.70720210722699,0,101.2,114.9,13.700000000000003,3.8649311411607545,0.7286458333333333,17.702438661763956,0.2980986433859631,14.0,10.5,7.341127734000111
budget,lidar_range,2.0,10,1,reached,1841,184.10000000000002,79.43032157325875,0,166.0,184.10000000000002,18.100000000000023,2.3279222532767965,0.8191145833333333,17.702438661763956,0.2165726931609878,14.0,10.5,13.374456363000036
budget,lidar_range,2.0,11,1,reached,861,86.10000000000001,42.14675452309159,0,72.3,86.10000000000001,13.800000000000011,0.38949604858979636,0.6535416666666667,17.702438661763956,0.40815571344500545,14.0,10.5,5.589864051999939
budget,lidar_range,2.0,12,0,searching,2100,210.0,4.016102161068918,0,nan,nan,nan,nan,0.12979166666666667,17.702438661763956,4.283366799908642,14.0,10.5,24.130427546999954
budget,lidar_range,2.0,13,0,searching,2100,210.0,41.99193623526828,0,nan,nan,nan,nan,0.43453125,17.702438661763956,0.40966052542525855,14.0,10.5,17.72364074500001
budget,lidar_range,2.0,14,0,searching,2100,210.0,29.254092059448094,0,nan,nan,nan,nan,0.40125,17.702438661763956,0.5880352952607922,14.0,10.5,20.30812554499994
budget,lidar_range,2.0,15,1,reached,1489,148.9,76.22254114691339,0,135.1,148.9,13.800000000000011,2.2527908933424943,0.7872395833333333,17.702438661763956,0.22568702647432748,14.0,10.5,8.84305647500014
budget,lidar_range,2.0,16,0,searching,2100,210.0,4.007041961821872,0,nan,nan,nan,nan,0.12953125,17.702438661763956,4.293051788742079,14.0,10.5,23.544836120000127
budget,lidar_range,2.0,17,0,searching,2100,210.0,4.0581724877768695,0,nan,nan,nan,nan,0.1296875,17.702438661763956,4.238961925245253,14.0,10.5,23.90772068199999
budget,lidar_range,2.0,18,0,searching,2100,210.0,7.698834550543937,0,nan,nan,nan,nan,0.19864583333333333,17.702438661763956,2.234421138527853,14.0,10.5,21.485867234000125
budget,lidar_range,2.0,19,1,reached,1053,105.30000000000001,23.128625966101378,1,91.5,105.30000000000001,13.800000000000011,1.7637340767917484,0.49072916666666666,17.702438661763956,0.7437726169715755,14.0,10.5,10.040027410999983
budget,lidar_range,3.0,0,1,reached,741,74.10000000000001,41.16155163383029,0,58.1,74.10000000000001,16.000000000000007,0.3378535192969378,0.8223958333333333,17.702438661763956,0.41792493185862883,14.0,10.5,4.170400823000136
budget,lidar_range,3.0,1,1,reached,948,94.80000000000001,51.29651465373531,0,79.60000000000001,94.80000000000001,15.200000000000003,0.42059828718288517,0.9075520833333334,17.702438661763956,0.3353529723780426,14.0,10.5,5.329229182000063
budget,lidar_range,3.0,2,1,reached,959,95.9,51.23387505641146,0,80.7,95.9,15.200000000000003,3.837795084155651,0.88328125,17.702438661763956,0.3357629818713317,14.0,10.5,5.326576844999863
budget,lidar_range,3.0,3,1,reached,619,61.900000000000006,31.675869153146955,0,46.6,61.900000000000006,15.300000000000004,3.45574345949151,0.7188020833333333,17.702438661763956,0.5430770842812033,14.0,10.5,3.3735115659999337
budget,lidar_range,3.0,4,1,reached,770,77.0,40.629261953533415,0,63.2,77.0,13.799999999999997,2.456493428888873,0.7799479166666666,17.702438661763956,0.42340022522284354,14.0,10.5,4.329577579999977
budget,lidar_range,3.0,5,1,reached,472,47.2,25.955521802791925,0,32.0,47.2,15.200000000000003,3.097311862105091,0.7513020833333334,17.702438661763956,0.6627660500323119,14.0,10.5,2.6574711119999392
budget,lidar_range,3.0,6,1,reached,452,45.2,24.241396234075204,0,31.400000000000002,45.2,13.8,0.5929891652456077,0.7273958333333334,17.702438661763956,0.7096306869314378,14.0,10.5,2.634757241999978
budget,lidar_range,3.0,7,1,reached,764,76.4,42.28081047777062,0,62.6,76.4,13.800000000000004,1.0562366637277207,0.8200520833333333,17.702438661763956,0.4068616109146781,14.0,10.5,4.412829540999837
budget,lidar_range,3.0,8,1,reached,598,59.800000000000004,31.633320050376092,0,45.900000000000006,59.800000000000004,13.899999999999999,1.8547619602119698,0.7771354166666666,17.702438661763956,0.5438075622277098,14.0,10.5,3.5056409310000163
budget,lidar_range,3.0,9,1,reached,949,94.9,51.08504223411907,0,79.7,94.9,15.200000000000003,1.7934625608784727,0.91015625,17.702438661763956,0.33674120465490504,14.0,10.5,5.380351434999966
budget,lidar_range,3.0,10,1,reached,814,81.4,43.06282868028303,0,66.4,81.4,15.0,1.5288630531751315,0.8071354166666667,17.702438661763956,0.3994730301969307,14.0,10.5,4.85151589499992
budget,lidar_range,3.0,11,0,searching,2100,210.0,18.698990741466492,0,nan,nan,nan,nan,0.4221875,17.702438661763956,0.9199661575111745,14.0,10.5,17.648346378000042
budget,lidar_range,3.0,12,1,reached,768,76.80000000000001,40.34960735444018,1,61.6,76.80000000000001,15.20000000000001,1.0861854644948608,0.759375,17.702438661763956,0.42633472268153194,14.0,10.5,4.342593624000074
budget,lidar_range,3.0,13,1,reached,708,70.8,37.38703343135493,0,56.900000000000006,70.8,13.899999999999991,2.6023391070917667,0.760625,17.702438661763956,0.46011777568147455,14.0,10.5,4.1988852760000555
budget,lidar_range,3.0,14,1,reached,437,43.7,23.20939134561932,0,29.900000000000002,43.7,13.8,0.9870441909282931,0.7122916666666667,17.702438661763956,0.7411843940927322,14.0,10.5,2.561510241000178
budget,lidar_range,3.0,15,1,reached,753,75.3,39.30604285587711,0,61.400000000000006,75.3,13.899999999999991,2.7665558741866136,0.7665104166666666,17.702438661763956,0.43765379091555684,14.0,10.5,4.2435894910001934
budget,lidar_range,3.0,16,1,reached,800,80.0,41.777221164266855,0,64.5,80.0,15.5,3.528241254231433,0.7314583333333333,17.702438661763956,0.41176598592147745,14.0,10.5,4.696742542000038
budget,lidar_range,3.0,17,1,reached,508,50.800000000000004,26.48685066062316,0,37.1,50.800000000000004,13.700000000000003,1.3371557879004454,0.7144791666666667,17.702438661763956,0.6494708971700464,14.0,10.5,2.834632061999855
budget,lidar_range,3.0,18,1,reached,548,54.800000000000004,28.916676490406143,0,39.5,54.800000000000004,15.300000000000004,0.8909360988706159,0.7163020833333333,17.702438661763956,0.5948968121378441,14.0,10.5,3.1149248570000054
budget,lidar_range,3.0,19,1,reached,465,46.5,24.910354182562923,0,31.1,46.5,15.399999999999999,0.5906472883795152,0.7342708333333333,17.702438661763956,0.6905738286854848,14.0,10.5,2.6590547929999957
budget,lidar_range,4.5,0,1,reached,1001,100.10000000000001,54.77302013367861,0,86.30000000000001,100.10000000000001,13.799999999999997,1.3192759130119402,0.9723958333333333,17.702438661763956,0.31406774028125195,14.0,10.5,6.760950291999961
budget,lidar_range,4.5,1,1,reached,842,84.2,46.571886436241435,0,70.4,84.2,13.799999999999997,1.6212002393001017,0.9731770833333333,17.702438661763956,0.3693738857951289,14.0,10.5,5.578320203999965
budget,lidar_range,4.5,2,1,reached,777,77.7,41.9955204109427,0,63.900000000000006,77.7,13.799999999999997,1.5002038834019762,0.9733333333333334,17.702438661763956,0.4096255622845323,14.0,10.5,5.133810452000034
budget,lidar_range,4.5,3,1,reached,787,78.7,41.7963325746682,0,65.0,78.7,13.700000000000003,2.7738160336991555,0.9450520833333333,17.702438661763956,0.4115777055566344,14.0,10.5,5.222677257999976
budget,lidar_range,4.5,4,1,reached,932,93.2,51.584848917165466,0,78.0,93.2,15.200000000000003,1.0845847874329804,0.9720833333333333,17.702438661763956,0.33347851206053725,14.0,10.5,6.09132085400006
budget,lidar_range,4.5,5,1,reached,894,89.4,49.96884216985429,0,74.5,89.4,14.900000000000006,3.567211472101777,0.97359375,17.702438661763956,0.3442633031858004,14.0,10.5,6.067793205000044
budget,lidar_range,4.5,6,1,reached,922,92.2,50.63113876826285,0,78.4,92.2,13.799999999999997,0.6285762833711105,0.9733854166666667,17.702438661763956,0.3397600583407571,14.0,10.5,5.954334310999911
budget,lidar_range,4.5,7,1,reached,810,81.0,43.79988513450431,0,66.3,81.0,14.700000000000003,1.2651713603274666,0.9799479166666667,17.702438661763956,0.39275077112502205,14.0,10.5,5.159607765000146
budget,lidar_range,4.5,8,1,reached,849,84.9,45.36314472267489,0,71.10000000000001,84.9,13.799999999999997,1.6833890808900729,0.9646354166666666,17.702438661763956,0.3792161845685551,14.0,10.5,5.765855521000049
budget,lidar_range,4.5,9,1,reached,797,79.7,44.65265854032058,0,65.3,79.7,14.400000000000006,0.6684626591782905,0.9745833333333334,17.702438661763956,0.3852500438743295,14.0,10.5,5.036285474999886
budget,lidar_range,4.5,10,1,reached,1260,126.0,58.68712984047054,0,112.2,126.0,13.799999999999997,4.970248426398338,0.9726041666666667,17.702438661763956,0.2931211444234096,14.0,10.5,9.37283024699991
budget,lidar_range,4.5,11,1,reached,1496,149.6,50.73635496880439,0,135.70000000000002,149.6,13.899999999999977,0.6879713000327736,0.9745833333333334,17.702438661763956,0.33905546963988636,14.0,10.5,12.938747931999842
budget,lidar_range,4.5,12,1,reached,796,79.60000000000001,44.762005760378116,0,64.60000000000001,79.60000000000001,15.0,2.2051017140078915,0.9740104166666667,17.702438661763956,0.38430893275544414,14.0,10.5,5.280719824000016
budget,lidar_range,4.5,13,1,reached,705,70.5,39.6505642712052,0,56.800000000000004,70.5,13.699999999999996,1.3839569825130877,0.9721875,17.702438661763956,0.4338510429284511,14.0,10.5,4.871454936999953
budget,lidar_range,4.5,14,1,reached,775,77.5,42.93677246341258,0,62.300000000000004,77.5,15.199999999999996,0.4304279445752539,0.97390625,17.702438661763956,0.4006458258226687,14.0,10.5,5.465856200999951
budget,lidar_range,4.5,15,1,reached,838,83.80000000000001,45.03282974384989,0,68.9,83.80000000000001,14.900000000000006,2.6098437475843292,0.9647395833333333,17.702438661763956,0.38199772831538054,14.0,10.5,5.708320365999953
budget,lidar_range,4.5,16,1,reached,737,73.7,40.945862201321816,0,60.0,73.7,13.700000000000003,1.4179279692119737,0.9708333333333333,17.702438661763956,0.42012642393957517,14.0,10.5,4.8329714390001755
budget,lidar_range,4.5,17,1,reached,740,74.0,41.990262841157154,0,58.7,74.0,15.299999999999997,2.018489195020308,0.9719791666666666,17.702438661763956,0.40967685119853126,14.0,10.5,4.882755563000046
budget,lidar_range,4.5,18,1,reached,469,46.900000000000006,25.050955113218066,0,32.5,46.900000000000006,14.400000000000006,1.0230265392662852,0.8474479166666666,17.702438661763956,0.6866979156689773,14.0,10.5,3.2526456600000984
budget,lidar_range,4.5,19,1,reached,934,93.4,50.507917866247254,0,79.7,93.4,13.700000000000003,0.6155116096490814,0.9736979166666667,17.702438661763956,0.34058894899050607,14.0,10.5,6.131804688999864
budget,thermal_range,3.0,0,1,reached,1463,146.3,77.07335569493267,0,141.8,146.3,4.5,2.2949040987542033,0.9966666666666667,17.702438661763956,0.2231956621929589,14.0,10.5,11.572401305000085
budget,thermal_range,3.0,1,1,reached,771,77.10000000000001,40.82591937637596,0,72.7,77.10000000000001,4.400000000000006,0.03238019550223942,0.9966666666666667,17.702438661763956,0.42136071702816813,14.0,10.5,6.448508683999989
budget,thermal_range,3.0,2,1,reached,818,81.80000000000001,42.762661895527714,1,76.9,81.80000000000001,4.900000000000006,1.6067443523297291,0.9966666666666667,17.702438661763956,0.4022770776943391,14.0,10.5,6.620265952000182
budget,thermal_range,3.0,3,1,reached,497,49.7,24.689747898547026,0,45.300000000000004,49.7,4.399999999999999,3.4612895594808615,0.9966666666666667,17.702438661763956,0.6967442005665966,14.0,10.5,3.710073416999876
budget,thermal_range,3.0,4,1,reached,803,80.30000000000001,40.98261984656115,0,75.8,80.30000000000001,4.500000000000014,5.145803600615296,0.9966666666666667,17.702438661763956,0.41974960913113546,14.0,10.5,6.863377747000186
budget,thermal_range,3.0,5,1,reached,821,82.10000000000001,43.49540412611359,0,77.60000000000001,82.10000000000001,4.5,1.8607843730303637,0.9966666666666667,17.702438661763956,0.39550014552999696,14.0,10.5,6.654686753000078
budget,thermal_range,3.0,6,1,reached,1274,127.4,67.75500708721748,1,123.0,127.4,4.400000000000006,3.7583257165324513,0.9966666666666667,17.702438661763956,0.25389176979378303,14.0,10.5,9.796523095999873
budget,thermal_range,3.0,7,1,reached,434,43.400000000000006,23.666496746268542,0,39.1,43.400000000000006,4.300000000000004,0.5838086612295055,0.9966666666666667,17.702438661763956,0.7268688241522792,14.0,10.5,3.2272996100000455
budget,thermal_range,3.0,8,1,reached,793,79.30000000000001,40.055961448350544,0,75.10000000000001,79.30000000000001,4.200000000000003,7.178727407419451,0.9966666666666667,17.702438661763956,0.4294601362632461,14.0,10.5,6.704637307999974
budget,thermal_range,3.0,9,1,reached,819,81.9,42.75706127923689,0,77.5,81.9,4.400000000000006,0.6122183700369359,0.9966666666666667,17.702438661763956,0.40232977073467796,14.0,10.5,6.543011785999852
budget,thermal_range,3.0,10,1,reached,824,82.4,44.00232933983384,1,78.10000000000001,82.4,4.299999999999997,0.7166286970745674,0.9966666666666667,17.702438661763956,0.39094381865350847,14.0,10.5,6.335452872000133
budget,thermal_range,3.0,11,1,reached,1294,129.4,67.68623486542326,0,125.0,129.4,4.400000000000006,0.39144268451979075,0.9966666666666667,17.702438661763956,0.2541497351118229,14.0,10.5,10.350786075000087
budget,thermal_range,3.0,12,1,reached,417,41.7,22.769131603915476,0,37.2,41.7,4.5,3.2238734907031565,0.9966666666666667,17.702438661763956,0.755515799241362,14.0,10.5,3.021507043999918
budget,thermal_range,3.0,13,1,reached,1855,185.5,99.99273668438141,2,181.0,185.5,4.5,1.0459992697993965,0.9966666666666667,17.702438661763956,0.17203688219937407,14.0,10.5,16.099885830000176
budget,thermal_range,3.0,14,1,reached,829,82.9,44.06361690542288,0,78.5,82.9,4.400000000000006,1.4666658964317045,0.9966666666666667,17.702438661763956,0.39040005950230705,14.0,10.5,6.614169469999979
budget,thermal_range,3.0,15,1,reached,498,49.800000000000004,25.16285328542345,0,45.5,49.800000000000004,4.300000000000004,3.3354671269048377,0.9966666666666667,17.702438661763956,0.6836441983202728,14.0,10.5,3.71029223000005
budget,thermal_range,3.0,16,1,reached,449,44.900000000000006,23.84456409595756,0,40.5,44.900000000000006,4.400000000000006,1.2114003323485594,0.9966666666666667,17.702438661763956,0.7214406852872742,14.0,10.5,3.1977111909998257
budget,thermal_range,3.0,17,1,reached,739,73.9,38.79862415865257,0,69.5,73.9,4.400000000000006,2.400013270451647,0.9966666666666667,17.702438661763956,0.44337754327114715,14.0,10.5,5.7246926899999835
budget,thermal_range,3.0,18,1,reached,818,81.80000000000001,43.30392603936254,0,77.4,81.80000000000001,4.400000000000006,2.0827890696865334,0.9966666666666667,17.702438661763956,0.3972489387250299,14.0,10.5,6.257274009999946
budget,thermal_range,3.0,19,1,reached,1455,145.5,78.94182455694545,0,141.0,145.5,4.5,4.781559032982325,0.9966666666666667,17.702438661763956,0.21791285871983881,14.0,10.5,12.222673039000028
budget,thermal_range,4.0,0,1,reached,481,48.1,25.88514078314433,0,41.900000000000006,48.1,6.199999999999996,1.46725781489467,0.9966666666666667,17.702438661763956,0.6645680935591317,14.0,10.5,3.272446815999956
budget,thermal_range,4.0,1,1,reached,758,75.8,40.512454194255504,0,69.60000000000001,75.8,6.199999999999989,2.9807869672090166,0.9966666666666667,17.702438661763956,0.42462099628126676,14.0,10.5,6.240586579999899
budget,thermal_range,4.0,2,1,reached,803,80.30000000000001,42.484498670158,1,74.2,80.30000000000001,6.1000000000000085,0.4623046261424377,0.9966666666666667,17.702438661763956,0.4049109487043873,14.0,10.5,6.375554444000045
budget,thermal_range,4.0,3,1,reached,461,46.1,24.274230188860393,0,39.900000000000006,46.1,6.199999999999996,3.0006485420029474,0.9966666666666667,17.702438661763956,0.7086708220167687,14.0,10.5,3.309720406999986
budget,thermal_range,4.0,4,1,reached,789,78.9,40.88059672136447,0,72.9,78.9,6.0,3.627487983330942,0.9966666666666667,17.702438661763956,0.4207971517395647,14.0,10.5,6.719842228000061
budget,thermal_range,4.0,5,1,reached,810,81.0,43.362860731062895,0,75.0,81.0,6.0,2.897414826843262,0.9966666666666667,17.702438661763956,0.3967090356066159,14.0,10.5,6.535757661999924
budget,thermal_range,4.0,6,1,reached,1995,199.5,106.26729453151158,1,193.60000000000002,199.5,5.899999999999977,1.298154244198689,0.9966666666666667,17.702438661763956,0.16187895568060118,14.0,10.5,15.785801858000013
budget,thermal_range,4.0,7,1,reached,434,43.400000000000006,23.655462189348675,0,37.300000000000004,43.400000000000006,6.100000000000001,1.45439096147871,0.9966666666666667,17.702438661763956,0.7272078864521059,14.0,10.5,3.233561353999903
budget,thermal_range,4.0,8,1,reached,751,75.10000000000001,39.37004543949077,0,69.10000000000001,75.10000000000001,6.0,1.3064249030527368,0.9966666666666667,17.702438661763956,0.4369423115907499,14.0,10.5,6.219118762999869
budget,thermal_range,4.0,9,1,reached,787,78.7,42.210364462297974,0,72.8,78.7,5.900000000000006,3.6232157359551076,0.9966666666666667,17.702438661763956,0.4075406332283405,14.0,10.5,6.129330569000103
budget,thermal_range,4.0,10,1,reached,805,80.5,43.923223486907084,1,74.60000000000001,80.5,5.8999999999999915,4.201332101619516,0.9966666666666667,17.702438661763956,0.391647909605081,14.0,10.5,6.150908228999924
budget,thermal_range,4.0,11,1,reached,1196,119.60000000000001,63.097595477842994,0,113.80000000000001,119.60000000000001,5.799999999999997,4.2860681196106425,0.9966666666666667,17.702438661763956,0.2726322379084108,14.0,10.5,9.640337618999865
budget,thermal_range,4.0,12,1,reached,403,40.300000000000004,22.718035565107673,0,34.300000000000004,40.300000000000004,6.0,1.451794428096286,0.9966666666666667,17.702438661763956,0.7572150599229166,14.0,10.5,2.802131430999907
budget,thermal_range,4.0,13,1,reached,770,77.0,40.23131896333144,2,70.9,77.0,6.099999999999994,4.87773239733043,0.9966666666666667,17.702438661763956,0.4275882348635649,14.0,10.5,6.7693156140001065
budget,thermal_range,4.0,14,1,reached,820,82.0,44.02308182481492,0,76.0,82.0,6.0,3.071792910270107,0.9966666666666667,17.702438661763956,0.3907595277000187,14.0,10.5,6.515492995999921
budget,thermal_range,4.0,15,1,reached,443,44.300000000000004,23.872921994486095,0,38.0,44.300000000000004,6.300000000000004,1.9480224100576335,0.9966666666666667,17.702438661763956,0.7205837084265255,14.0,10.5,3.2725891150000734
budget,thermal_range,4.0,16,1,reached,447,44.7,23.817891163903965,0,37.800000000000004,44.7,6.899999999999999,4.71748507457653,0.9966666666666667,17.702438661763956,0.7222486047729644,14.0,10.5,3.0932822980000765
budget,thermal_range,4.0,17,1,reached,697,69.7,36.9830496559474,0,63.6,69.7,6.100000000000001,1.2757093363741419,0.9966666666666667,17.702438661763956,0.4651438651435702,14.0,10.5,5.4310941730000195
budget,thermal_range,4.0,18,1,reached,809,80.9,43.199955394399865,0,74.7,80.9,6.200000000000003,0.6639849309509875,0.9966666666666667,17.702438661763956,0.39820500981336565,14.0,10.5,6.289080544999933
budget,thermal_range,4.0,19,1,reached,1353,135.3,74.68701102484599,0,129.20000000000002,135.3,6.099999999999994,1.6121826568901876,0.9966666666666667,17.702438661763956,0.23032704650667107,14.0,10.5,11.434380512999951
budget,thermal_range,6.0,0,1,reached,473,47.300000000000004,25.377704938560772,0,37.7,47.300000000000004,9.600000000000001,0.6949243424529835,0.9966666666666667,17.702438661763956,0.6778563586979567,14.0,10.5,3.271032996000031
budget,thermal_range,6.0,1,1,reached,751,75.10000000000001,40.39126183060688,0,65.5,75.10000000000001,9.600000000000009,0.29898422343210507,0.9966666666666667,17.702438661763956,0.4258950545765975,14.0,10.5,5.974490620000097
budget,thermal_range,6.0,2,1,reached,440,44.0,22.85688120118214,0,34.6,44.0,9.399999999999999,1.2378978338990907,0.9966666666666667,17.702438661763956,0.7526153069769754,14.0,10.5,3.093841178000048
budget,thermal_range,6.0,3,1,reached,458,45.800000000000004,24.16215055718115,0,36.2,45.800000000000004,9.600000000000001,2.2304215053509924,0.9966666666666667,17.702438661763956,0.7119580941710206,14.0,10.5,3.3041382970000086
budget,thermal_range,6.0,4,1,reached,778,77.80000000000001,40.730045596747324,0,68.4,77.80000000000001,9.400000000000006,1.4759249231229354,0.9966666666666667,17.702438661763956,0.42235255104005415,14.0,10.5,6.382038739999871
budget,thermal_range,6.0,5,1,reached,435,43.5,22.99081980501401,0,34.0,43.5,9.5,1.5135824954291217,0.9966666666666667,17.702438661763956,0.7482307637421577,14.0,10.5,3.239914236000004
budget,thermal_range,6.0,6,1,reached,448,44.800000000000004,23.631721012729443,0,35.4,44.800000000000004,9.400000000000006,4.1029852975494014,0.9966666666666667,17.702438661763956,0.7279384625646903,14.0,10.5,3.160370036000131
budget,thermal_range,6.0,7,1,reached,422,42.2,23.481954952360187,0,32.6,42.2,9.600000000000001,1.2770746578288001,0.9966666666666667,17.702438661763956,0.7325811967812725,14.0,10.5,2.9309143329999188
budget,thermal_range,6.0,8,1,reached,736,73.60000000000001,38.96482682904595,0,64.10000000000001,73.60000000000001,9.5,1.466804384104245,0.9966666666666667,17.702438661763956,0.4414863368246915,14.0,10.5,5.994243435000044
budget,thermal_range,6.0,9,1,reached,439,43.900000000000006,23.12430561525317,0,34.2,43.900000000000006,9.700000000000003,1.1097056431843926,0.9966666666666667,17.702438661763956,0.7439115771942119,14.0,10.5,3.0444727679998778
budget,thermal_range,6.0,10,1,reached,435,43.5,23.571305915705302,0,33.800000000000004,43.5,9.699999999999996,1.4318866020133947,0.9966666666666667,17.702438661763956,0.7298042256666891,14.0,10.5,3.1420927689998734
budget,thermal_range,6.0,11,1,reached,449,44.900000000000006,23.461426230229215,0,35.5,44.900000000000006,9.400000000000006,1.3209052606075506,0.9966666666666667,17.702438661763956,0.7332222045222138,14.0,10.5,3.2869582450000507
budget,thermal_range,6.0,12,1,reached,399,39.900000000000006,22.62226414989756,0,30.3,39.900000000000006,9.600000000000005,2.3886219055641047,0.9966666666666667,17.702438661763956,0.760420731885135,14.0,10.5,2.6815053800000896
budget,thermal_range,6.0,13,1,reached,732,73.2,39.744161569807744,2,63.800000000000004,73.2,9.399999999999999,1.2711121664456912,0.9966666666666667,17.702438661763956,0.4328293259262525,14.0,10.5,6.350221142000009
budget,thermal_range,6.0,14,1,reached,451,45.1,24.104799480773618,0,35.6,45.1,9.5,2.8414311797809297,0.9966666666666667,17.702438661763956,0.7136520125581174,14.0,10.5,3.289143248999835
budget,thermal_range,6.0,15,1,reached,429,42.900000000000006,23.50830320901856,0,33.6,42.900000000000006,9.300000000000004,2.2476032869956084,0.9966666666666667,17.702438661763956,0.7317601150883801,14.0,10.5,2.982580217000077
budget,thermal_range,6.0,16,1,reached,434,43.400000000000006,23.640707877452773,0,33.9,43.400000000000006,9.500000000000007,3.073613007176871,0.9966666666666667,17.702438661763956,0.7276617413884934,14.0,10.5,3.0174342840000463
budget,thermal_range,6.0,17,1,reached,684,68.4,36.68973564758288,0,58.900000000000006,68.4,9.5,1.2582849103719687,0.9966666666666667,17.702438661763956,0.46886243136225086,14.0,10.5,5.209957917000111
budget,thermal_range,6.0,18,1,reached,447,44.7,23.827685468520883,0,35.2,44.7,9.5,2.987543375877965,0.9966666666666667,17.702438661763956,0.7219517264692099,14.0,10.5,3.1568921289999707
budget,thermal_range,6.0,19,1,reached,593,59.300000000000004,32.61100464584809,0,50.0,59.300000000000004,9.300000000000004,3.1853079922820706,0.9966666666666667,17.702438661763956,0.5275041001827616,14.0,10.5,5.009480613000051
fallback_off,thermal_range_1x,3.0,0,0,searching,700,70.0,36.60794587422765,0,nan,nan,nan,nan,0.9966666666666667,17.702438661763956,0.4699099676574489,14.0,10.5,4.717956021999953
fallback_off,thermal_range_1x,3.0,1,0,searching,700,70.0,35.71703798734913,0,nan,nan,nan,nan,0.9966666666666667,17.702438661763956,0.4816311662757984,14.0,10.5,5.172270748000074
fallback_off,thermal_range_1x,3.0,2,0,failed,616,61.6,27.712048810966067,0,nan,nan,nan,nan,0.9966145833333333,17.702438661763956,0.620756652786953,14.0,10.5,3.965591409000126
fallback_off,thermal_range_1x,3.0,3,0,failed,456,45.6,19.4194251270552,0,nan,nan,nan,nan,0.9966666666666667,17.702438661763956,0.8858366583569701,14.0,10.5,2.697379125999987
fallback_off,thermal_range_1x,3.0,4,0,searching,700,70.0,35.91334588469412,0,nan,nan,nan,nan,0.9966666666666667,17.702438661763956,0.47899849590721233,14.0,10.5,5.441663519000031
fallback_off,thermal_range_1x,3.0,5,0,failed,621,62.1,28.53673899051076,0,nan,nan,nan,nan,0.9966666666666667,17.702438661763956,0.6028172548897137,14.0,10.5,4.2112992739998845
fallback_off,thermal_range_1x,3.0,6,0,failed,656,65.60000000000001,29.910915031182718,0,nan,nan,nan,nan,0.9966666666666667,17.702438661763956,0.5751224475690588,14.0,10.5,4.278019173000075
fallback_off,thermal_range_1x,3.0,7,0,failed,421,42.1,18.76326897835018,0,nan,nan,nan,nan,0.9966666666666667,17.702438661763956,0.9168145850071663,14.0,10.5,2.652534394999975
fallback_off,thermal_range_1x,3.0,8,0,searching,700,70.0,34.24266983279708,0,nan,nan,nan,nan,0.9966666666666667,17.702438661763956,0.5023684994704396,14.0,10.5,5.086578854999971
fallback_off,thermal_range_1x,3.0,9,0,failed,662,66.2,27.61753391135896,0,nan,nan,nan,nan,0.9966145833333333,17.702438661763956,0.6228810550926371,14.0,10.5,3.9418666819999544
fallback_off,thermal_range_1x,3.0,10,0,failed,621,62.1,29.113942476335836,0,nan,nan,nan,nan,0.9966666666666667,17.702438661763956,0.5908659974768552,14.0,10.5,3.7514152419998936
fallback_off,thermal_range_1x,3.0,11,0,failed,646,64.60000000000001,29.413685994136348,0,nan,nan,nan,nan,0.9966666666666667,17.702438661763956,0.5848447102207212,14.0,10.5,4.081998234999901
fallback_off,thermal_range_1x,3.0,12,0,failed,401,40.1,18.00488452701032,0,nan,nan,nan,nan,0.9966666666666667,17.702438661763956,0.9554317683047309,14.0,10.5,2.2020394500000293
fallback_off,thermal_range_1x,3.0,13,0,searching,700,70.0,34.96681338996131,2,nan,nan,nan,nan,0.9966666666666667,17.702438661763956,0.4919647229479206,14.0,10.5,5.40205818000004
fallback_off,thermal_range_1x,3.0,14,0,searching,700,70.0,29.523902947519083,0,nan,nan,nan,nan,0.9966666666666667,17.702438661763956,0.5826614012497793,14.0,10.5,4.344394106999971
fallback_off,thermal_range_1x,3.0,15,0,failed,432,43.2,18.875127939287243,0,nan,nan,nan,nan,0.9966666666666667,17.702438661763956,0.9113813012074106,14.0,10.5,2.513223390999883
fallback_off,thermal_range_1x,3.0,16,0,failed,508,50.800000000000004,19.459291754241946,0,nan,nan,nan,nan,0.9966666666666667,17.702438661763956,0.8840218276707827,14.0,10.5,2.8093475040000158
fallback_off,thermal_range_1x,3.0,17,0,failed,687,68.7,32.10943619945308,0,nan,nan,nan,nan,0.9966666666666667,17.702438661763956,0.5357440272357372,14.0,10.5,4.514660547000176
fallback_off,thermal_range_1x,3.0,18,0,failed,616,61.6,28.32315437155051,0,nan,nan,nan,nan,0.9966666666666667,17.702438661763956,0.6073630936758628,14.0,10.5,3.9269106779997855
fallback_off,thermal_range_1x,3.0,19,0,searching,700,70.0,37.70445040334508,0,nan,nan,nan,nan,0.9966666666666667,17.702438661763956,0.45624424909367683,14.0,10.5,5.805790759000047
fallback_off,thermal_range_3x,3.0,0,0,failed,772,77.2,36.60794587422765,0,nan,nan,nan,nan,0.9966666666666667,17.702438661763956,0.4699099676574489,14.0,10.5,4.972274756999923
fallback_off,thermal_range_3x,3.0,1,0,failed,751,75.10000000000001,35.71703798734913,0,nan,nan,nan,nan,0.9966666666666667,17.702438661763956,0.4816311662757984,14.0,10.5,5.433180747000051
fallback_off,thermal_range_3x,3.0,2,0,failed,616,61.6,27.712048810966067,0,nan,nan,nan,nan,0.9966145833333333,17.702438661763956,0.620756652786953,14.0,10.5,4.022584207000136
fallback_off,thermal_range_3x,3.0,3,0,failed,456,45.6,19.4194251270552,0,nan,nan,nan,nan,0.9966666666666667,17.702438661763956,0.8858366583569701,14.0,10.5,2.7058929170000283
fallback_off,thermal_range_3x,3.0,4,0,failed,776,77.60000000000001,35.91334588469412,0,nan,nan,nan,nan,0.9966666666666667,17.702438661763956,0.47899849590721233,14.0,10.5,5.659175528000105
fallback_off,thermal_range_3x,3.0,5,0,failed,621,62.1,28.53673899051076,0,nan,nan,nan,nan,0.9966666666666667,17.702438661763956,0.6028172548897137,14.0,10.5,4.1912060810000185
fallback_off,thermal_range_3x,3.0,6,0,failed,656,65.60000000000001,29.910915031182718,0,nan,nan,nan,nan,0.9966666666666667,17.702438661763956,0.5751224475690588,14.0,10.5,4.208012876999874
fallback_off,thermal_range_3x,3.0,7,0,failed,421,42.1,18.76326897835018,0,nan,nan,nan,nan,0.9966666666666667,17.702438661763956,0.9168145850071663,14.0,10.5,2.548455075999982
fallback_off,thermal_range_3x,3.0,8,0,failed,736,73.60000000000001,34.24266983279708,0,nan,nan,nan,nan,0.9966666666666667,17.702438661763956,0.5023684994704396,14.0,10.5,5.352373656000054
fallback_off,thermal_range_3x,3.0,9,0,failed,662,66.2,27.61753391135896,0,nan,nan,nan,nan,0.9966145833333333,17.702438661763956,0.6228810550926371,14.0,10.5,3.9592114770000535
fallback_off,thermal_range_3x,3.0,10,0,failed,621,62.1,29.113942476335836,0,nan,nan,nan,nan,0.9966666666666667,17.702438661763956,0.5908659974768552,14.0,10.5,3.826309580999805
fallback_off,thermal_range_3x,3.0,11,0,failed,646,64.60000000000001,29.413685994136348,0,nan,nan,nan,nan,0.9966666666666667,17.702438661763956,0.5848447102207212,14.0,10.5,4.20575669699997
fallback_off,thermal_range_3x,3.0,12,0,failed,401,40.1,18.00488452701032,0,nan,nan,nan,nan,0.9966666666666667,17.702438661763956,0.9554317683047309,14.0,10.5,2.2549461050000446
fallback_off,thermal_range_3x,3.0,13,0,failed,731,73.10000000000001,34.96681338996131,2,nan,nan,nan,nan,0.9966666666666667,17.702438661763956,0.4919647229479206,14.0,10.5,5.624769010000136
fallback_off,thermal_range_3x,3.0,14,0,failed,703,70.3,29.523902947519083,0,nan,nan,nan,nan,0.9966666666666667,17.702438661763956,0.5826614012497793,14.0,10.5,4.530932236999888
fallback_off,thermal_range_3x,3.0,15,0,failed,432,43.2,18.875127939287243,0,nan,nan,nan,nan,0.9966666666666667,17.702438661763956,0.9113813012074106,14.0,10.5,2.622369790999983
fallback_off,thermal_range_3x,3.0,16,0,failed,508,50.800000000000004,19.459291754241946,0,nan,nan,nan,nan,0.9966666666666667,17.702438661763956,0.8840218276707827,14.0,10.5,2.869071723999923
fallback_off,thermal_range_3x,3.0,17,0,failed,687,68.7,32.10943619945308,0,nan,nan,nan,nan,0.9966666666666667,17.702438661763956,0.5357440272357372,14.0,10.5,4.571741401000054
fallback_off,thermal_range_3x,3.0,18,0,failed,616,61.6,28.32315437155051,0,nan,nan,nan,nan,0.9966666666666667,17.702438661763956,0.6073630936758628,14.0,10.5,4.102317335999942
fallback_off,thermal_range_3x,3.0,19,0,failed,788,78.80000000000001,37.75540195783228,0,nan,nan,nan,nan,0.9966666666666667,17.702438661763956,0.4556285397511269,14.0,10.5,6.072799545999942
fallback_off,thermal_range_1x,4.0,0,1,reached,481,48.1,25.88514078314433,0,41.900000000000006,48.1,6.199999999999996,1.46725781489467,0.9966666666666667,17.702438661763956,0.6645680935591317,14.0,10.5,2.896458080000002
fallback_off,thermal_range_1x,4.0,1,0,searching,700,70.0,35.71703798734913,0,nan,nan,nan,nan,0.9966666666666667,17.702438661763956,0.4816311662757984,14.0,10.5,5.312315780000063
fallback_off,thermal_range_1x,4.0,2,0,failed,616,61.6,27.712048810966067,0,nan,nan,nan,nan,0.9966145833333333,17.702438661763956,0.620756652786953,14.0,10.5,4.093119839999872
fallback_off,thermal_range_1x,4.0,3,0,failed,456,45.6,19.4194251270552,0,nan,nan,nan,nan,0.9966666666666667,17.702438661763956,0.8858366583569701,14.0,10.5,2.642523740000115
fallback_off,thermal_range_1x,4.0,4,0,searching,700,70.0,35.91334588469412,0,nan,nan,nan,nan,0.9966666666666667,17.702438661763956,0.47899849590721233,14.0,10.5,5.465443052000182
fallback_off,thermal_range_1x,4.0,5,0,failed,621,62.1,28.53673899051076,0,nan,nan,nan,nan,0.9966666666666667,17.702438661763956,0.6028172548897137,14.0,10.5,4.284369403000028
fallback_off,thermal_range_1x,4.0,6,0,failed,656,65.60000000000001,29.910915031182718,0,nan,nan,nan,nan,0.9966666666666667,17.702438661763956,0.5751224475690588,14.0,10.5,4.2022374640000635
fallback_off,thermal_range_1x,4.0,7,0,failed,421,42.1,18.76326897835018,0,nan,nan,nan,nan,0.9966666666666667,17.702438661763956,0.9168145850071663,14.0,10.5,2.587778710000066
fallback_off,thermal_range_1x,4.0,8,0,searching,700,70.0,34.24266983279708,0,nan,nan,nan,nan,0.9966666666666667,17.702438661763956,0.5023684994704396,14.0,10.5,5.254353218000006
fallback_off,thermal_range_1x,4.0,9,0,failed,662,66.2,27.61753391135896,0,nan,nan,nan,nan,0.9966145833333333,17.702438661763956,0.6228810550926371,14.0,10.5,4.448101846999862
fallback_off,thermal_range_1x,4.0,10,0,failed,621,62.1,29.113942476335836,0,nan,nan,nan,nan,0.9966666666666667,17.702438661763956,0.5908659974768552,14.0,10.5,3.8257745290000003
fallback_off,thermal_range_1x,4.0,11,0,failed,646,64.60000000000001,29.413685994136348,0,nan,nan,nan,nan,0.9966666666666667,17.702438661763956,0.5848447102207212,14.0,10.5,4.123004614000138
fallback_off,thermal_range_1x,4.0,12,0,failed,401,40.1,18.00488452701032,0,nan,nan,nan,nan,0.9966666666666667,17.702438661763956,0.9554317683047309,14.0,10.5,2.2134860549999757
fallback_off,thermal_range_1x,4.0,13,0,searching,700,70.0,34.96681338996131,2,nan,nan,nan,nan,0.9966666666666667,17.702438661763956,0.4919647229479206,14.0,10.5,5.379877179999994
fallback_off,thermal_range_1x,4.0,14,0,searching,700,70.0,29.523902947519083,0,nan,nan,nan,nan,0.9966666666666667,17.702438661763956,0.5826614012497793,14.0,10.5,4.358123094999883
fallback_off,thermal_range_1x,4.0,15,0,failed,432,43.2,18.875127939287243,0,nan,nan,nan,nan,0.9966666666666667,17.702438661763956,0.9113813012074106,14.0,10.5,2.5209221420000176
fallback_off,thermal_range_1x,4.0,16,0,failed,508,50.800000000000004,19.459291754241946,0,nan,nan,nan,nan,0.9966666666666667,17.702438661763956,0.8840218276707827,14.0,10.5,2.8125403040000947
fallback_off,thermal_range_1x,4.0,17,0,failed,687,68.7,32.10943619945308,0,nan,nan,nan,nan,0.9966666666666667,17.702438661763956,0.5357440272357372,14.0,10.5,4.524387004000118
fallback_off,thermal_range_1x,4.0,18,0,failed,616,61.6,28.32315437155051,0,nan,nan,nan,nan,0.9966666666666667,17.702438661763956,0.6073630936758628,14.0,10.5,3.862946883999939
fallback_off,thermal_range_1x,4.0,19,0,searching,700,70.0,37.70445040334508,0,nan,nan,nan,nan,0.9966666666666667,17.702438661763956,0.45624424909367683,14.0,10.5,5.6524742180001795
fallback_off,thermal_range_3x,4.0,0,1,reached,481,48.1,25.88514078314433,0,41.900000000000006,48.1,6.199999999999996,1.46725781489467,0.9966666666666667,17.702438661763956,0.6645680935591317,14.0,10.5,2.8857266659999823
fallback_off,thermal_range_3x,4.0,1,0,failed,751,75.10000000000001,35.71703798734913,0,nan,nan,nan,nan,0.9966666666666667,17.702438661763956,0.4816311662757984,14.0,10.5,5.389381637000042
fallback_off,thermal_range_3x,4.0,2,0,failed,616,61.6,27.712048810966067,0,nan,nan,nan,nan,0.9966145833333333,17.702438661763956,0.620756652786953,14.0,10.5,3.999786743999948
fallback_off,thermal_range_3x,4.0,3,0,failed,456,45.6,19.4194251270552,0,nan,nan,nan,nan,0.9966666666666667,17.702438661763956,0.8858366583569701,14.0,10.5,2.7485946000001604
fallback_off,thermal_range_3x,4.0,4,0,failed,776,77.60000000000001,35.91334588469412,0,nan,nan,nan,nan,0.9966666666666667,17.702438661763956,0.47899849590721233,14.0,10.5,5.6198552070000005
fallback_off,thermal_range_3x,4.0,5,0,failed,621,62.1,28.53673899051076,0,nan,nan,nan,nan,0.9966666666666667,17.702438661763956,0.6028172548897137,14.0,10.5,4.231616556000063
fallback_off,thermal_range_3x,4.0,6,0,failed,656,65.60000000000001,29.910915031182718,0,nan,nan,nan,nan,0.9966666666666667,17.702438661763956,0.5751224475690588,14.0,10.5,4.349472404999915
fallback_off,thermal_range_3x,4.0,7,0,failed,421,42.1,18.76326897835018,0,nan,nan,nan,nan,0.9966666666666667,17.702438661763956,0.9168145850071663,14.0,10.5,2.632646259000012
fallback_off,thermal_range_3x,4.0,8,0,failed,736,73.60000000000001,34.24266983279708,0,nan,nan,nan,nan,0.9966666666666667,17.702438661763956,0.5023684994704396,14.0,10.5,5.213999156999989
fallback_off,thermal_range_3x,4.0,9,0,failed,662,66.2,27.61753391135896,0,nan,nan,nan,nan,0.9966145833333333,17.702438661763956,0.6228810550926371,14.0,10.5,3.9698604079999313
fallback_off,thermal_range_3x,4.0,10,0,failed,621,62.1,29.113942476335836,0,nan,nan,nan,nan,0.9966666666666667,17.702438661763956,0.5908659974768552,14.0,10.5,4.100204761999976
fallback_off,thermal_range_3x,4.0,11,0,failed,646,64.60000000000001,29.413685994136348,0,nan,nan,nan,nan,0.9966666666666667,17.702438661763956,0.5848447102207212,14.0,10.5,4.117211484999871
fallback_off,thermal_range_3x,4.0,12,0,failed,401,40.1,18.00488452701032,0,nan,nan,nan,nan,0.9966666666666667,17.702438661763956,0.9554317683047309,14.0,10.5,2.235342199000115
fallback_off,thermal_range_3x,4.0,13,0,failed,731,73.10000000000001,34.96681338996131,2,nan,nan,nan,nan,0.9966666666666667,17.702438661763956,0.4919647229479206,14.0,10.5,5.705266169999959
fallback_off,thermal_range_3x,4.0,14,0,failed,703,70.3,29.523902947519083,0,nan,nan,nan,nan,0.9966666666666667,17.702438661763956,0.5826614012497793,14.0,10.5,4.371270682999921
fallback_off,thermal_range_3x,4.0,15,0,failed,432,43.2,18.875127939287243,0,nan,nan,nan,nan,0.9966666666666667,17.702438661763956,0.9113813012074106,14.0,10.5,2.5238673580001887
fallback_off,thermal_range_3x,4.0,16,0,failed,508,50.800000000000004,19.459291754241946,0,nan,nan,nan,nan,0.9966666666666667,17.702438661763956,0.8840218276707827,14.0,10.5,2.99749083100005
fallback_off,thermal_range_3x,4.0,17,0,failed,687,68.7,32.10943619945308,0,nan,nan,nan,nan,0.9966666666666667,17.702438661763956,0.5357440272357372,14.0,10.5,4.578241509999998
fallback_off,thermal_range_3x,4.0,18,0,failed,616,61.6,28.32315437155051,0,nan,nan,nan,nan,0.9966666666666667,17.702438661763956,0.6073630936758628,14.0,10.5,3.91073712299999
fallback_off,thermal_range_3x,4.0,19,0,failed,788,78.80000000000001,37.75540195783228,0,nan,nan,nan,nan,0.9966666666666667,17.702438661763956,0.4556285397511269,14.0,10.5,6.010527252999964
fallback_off,thermal_range_1x,6.0,0,1,reached,473,47.300000000000004,25.377704938560772,0,37.7,47.300000000000004,9.600000000000001,0.6949243424529835,0.9966666666666667,17.702438661763956,0.6778563586979567,14.0,10.5,2.8091904279999653
fallback_off,thermal_range_1x,6.0,1,0,navigating,700,70.0,37.507003354143315,0,65.5,nan,nan,2.4928436128094127,0.9966666666666667,17.702438661763956,0.45864604269601406,14.0,10.5,5.27184939599988
fallback_off,thermal_range_1x,6.0,2,1,reached,440,44.0,22.85688120118214,0,34.6,44.0,9.399999999999999,1.2378978338990907,0.9966666666666667,17.702438661763956,0.7526153069769754,14.0,10.5,2.7585598319999463
fallback_off,thermal_range_1x,6.0,3,1,reached,458,45.800000000000004,24.16215055718115,0,36.2,45.800000000000004,9.600000000000001,2.2304215053509924,0.9966666666666667,17.702438661763956,0.7119580941710206,14.0,10.5,2.831815196999969
fallback_off,thermal_range_1x,6.0,4,0,navigating,700,70.0,36.21520594962022,0,68.4,nan,nan,5.675498746844378,0.9966666666666667,17.702438661763956,0.4750059598085581,14.0,10.5,5.318488940999941
fallback_off,thermal_range_1x,6.0,5,1,reached,435,43.5,22.99081980501401,0,34.0,43.5,9.5,1.5135824954291217,0.9966666666666667,17.702438661763956,0.7482307637421577,14.0,10.5,2.748600068000087
fallback_off,thermal_range_1x,6.0,6,1,reached,448,44.800000000000004,23.631721012729443,0,35.4,44.800000000000004,9.400000000000006,4.1029852975494014,0.9966666666666667,17.702438661763956,0.7279384625646903,14.0,10.5,2.6778628559998197
fallback_off,thermal_range_1x,6.0,7,1,reached,422,42.2,23.481954952360187,0,32.6,42.2,9.600000000000001,1.2770746578288001,0.9966666666666667,17.702438661763956,0.7325811967812725,14.0,10.5,2.5580552219998935
fallback_off,thermal_range_1x,6.0,8,0,navigating,700,70.0,36.92853242554376,0,64.10000000000001,nan,nan,3.3348978743465207,0.9966666666666667,17.702438661763956,0.46583055247180344,14.0,10.5,5.185277195000026
fallback_off,thermal_range_1x,6.0,9,1,reached,439,43.900000000000006,23.12430561525317,0,34.2,43.900000000000006,9.700000000000003,1.1097056431843926,0.9966666666666667,17.702438661763956,0.7439115771942119,14.0,10.5,2.6369129500001236
fallback_off,thermal_range_1x,6.0,10,1,reached,435,43.5,23.571305915705302,0,33.800000000000004,43.5,9.699999999999996,1.4318866020133947,0.9966666666666667,17.702438661763956,0.7298042256666891,14.0,10.5,2.604574477000142
fallback_off,thermal_range_1x,6.0,11,1,reached,449,44.900000000000006,23.461426230229215,0,35.5,44.900000000000006,9.400000000000006,1.3209052606075506,0.9966666666666667,17.702438661763956,0.7332222045222138,14.0,10.5,2.730613358000028
fallback_off,thermal_range_1x,6.0,12,1,reached,399,39.900000000000006,22.62226414989756,0,30.3,39.900000000000006,9.600000000000005,2.3886219055641047,0.9966666666666667,17.702438661763956,0.760420731885135,14.0,10.5,2.3276689910001096
fallback_off,thermal_range_1x,6.0,13,0,navigating,700,70.0,37.96654558309129,2,63.800000000000004,nan,nan,5.329560843951051,0.9966666666666667,17.702438661763956,0.4530946494490982,14.0,10.5,5.584019764000004
fallback_off,thermal_range_1x,6.0,14,1,reached,451,45.1,24.104799480773618,0,35.6,45.1,9.5,2.8414311797809297,0.9966666666666667,17.702438661763956,0.7136520125581174,14.0,10.5,2.834466424000084
fallback_off,thermal_range_1x,6.0,15,1,reached,429,42.900000000000006,23.50830320901856,0,33.6,42.900000000000006,9.300000000000004,2.2476032869956084,0.9966666666666667,17.702438661763956,0.7317601150883801,14.0,10.5,2.5869420389999505
fallback_off,thermal_range_1x,6.0,16,1,reached,434,43.400000000000006,23.640707877452773,0,33.9,43.400000000000006,9.500000000000007,3.073613007176871,0.9966666666666667,17.702438661763956,0.7276617413884934,14.0,10.5,2.5788356749999366
fallback_off,thermal_range_1x,6.0,17,1,reached,684,68.4,36.68973564758288,0,58.900000000000006,68.4,9.5,1.2582849103719687,0.9966666666666667,17.702438661763956,0.46886243136225086,14.0,10.5,4.689564746000087
fallback_off,thermal_range_1x,6.0,18,1,reached,447,44.7,23.827685468520883,0,35.2,44.7,9.5,2.987543375877965,0.9966666666666667,17.702438661763956,0.7219517264692099,14.0,10.5,2.8077913970000736
fallback_off,thermal_range_1x,6.0,19,1,reached,593,59.300000000000004,32.61100464584809,0,50.0,59.300000000000004,9.300000000000004,3.1853079922820706,0.9966666666666667,17.702438661763956,0.5275041001827616,14.0,10.5,4.774421845000006
fallback_off,thermal_range_3x,6.0,0,1,reached,473,47.300000000000004,25.377704938560772,0,37.7,47.300000000000004,9.600000000000001,0.6949243424529835,0.9966666666666667,17.702438661763956,0.6778563586979567,14.0,10.5,2.880769823000037
fallback_off,thermal_range_3x,6.0,1,1,reached,751,75.10000000000001,40.39126183060688,0,65.5,75.10000000000001,9.600000000000009,0.29898422343210507,0.9966666666666667,17.702438661763956,0.4258950545765975,14.0,10.5,5.498116873000072
fallback_off,thermal_range_3x,6.0,2,1,reached,440,44.0,22.85688120118214,0,34.6,44.0,9.399999999999999,1.2378978338990907,0.9966666666666667,17.702438661763956,0.7526153069769754,14.0,10.5,2.739220549000038
fallback_off,thermal_range_3x,6.0,3,1,reached,458,45.800000000000004,24.16215055718115,0,36.2,45.800000000000004,9.600000000000001,2.2304215053509924,0.9966666666666667,17.702438661763956,0.7119580941710206,14.0,10.5,2.92648211300002
fallback_off,thermal_range_3x,6.0,4,1,reached,778,77.80000000000001,40.730045596747324,0,68.4,77.80000000000001,9.400000000000006,1.4759249231229354,0.9966666666666667,17.702438661763956,0.42235255104005415,14.0,10.5,5.780536079000058
fallback_off,thermal_range_3x,6.0,5,1,reached,435,43.5,22.99081980501401,0,34.0,43.5,9.5,1.5135824954291217,0.9966666666666667,17.702438661763956,0.7482307637421577,14.0,10.5,2.760417379999808
fallback_off,thermal_range_3x,6.0,6,1,reached,448,44.800000000000004,23.631721012729443,0,35.4,44.800000000000004,9.400000000000006,4.1029852975494014,0.9966666666666667,17.702438661763956,0.7279384625646903,14.0,10.5,2.6906345659999715
fallback_off,thermal_range_3x,6.0,7,1,reached,422,42.2,23.481954952360187,0,32.6,42.2,9.600000000000001,1.2770746578288001,0.9966666666666667,17.702438661763956,0.7325811967812725,14.0,10.5,2.5054838810001456
fallback_off,thermal_range_3x,6.0,8,1,reached,736,73.60000000000001,38.96482682904595,0,64.10000000000001,73.60000000000001,9.5,1.466804384104245,0.9966666666666667,17.702438661763956,0.4414863368246915,14.0,10.5,5.404653204000169
fallback_off,thermal_range_3x,6.0,9,1,reached,439,43.900000000000006,23.12430561525317,0,34.2,43.900000000000006,9.700000000000003,1.1097056431843926,0.9966666666666667,17.702438661763956,0.7439115771942119,14.0,10.5,2.5751914049999414
fallback_off,thermal_range_3x,6.0,10,1,reached,435,43.5,23.571305915705302,0,33.800000000000004,43.5,9.699999999999996,1.4318866020133947,0.9966666666666667,17.702438661763956,0.7298042256666891,14.0,10.5,2.5603855310000654
fallback_off,thermal_range_3x,6.0,11,1,reached,449,44.900000000000006,23.461426230229215,0,35.5,44.900000000000006,9.400000000000006,1.3209052606075506,0.9966666666666667,17.702438661763956,0.7332222045222138,14.0,10.5,2.7346505749999324
fallback_off,thermal_range_3x,6.0,12,1,reached,399,39.900000000000006,22.62226414989756,0,30.3,39.900000000000006,9.600000000000005,2.3886219055641047,0.9966666666666667,17.702438661763956,0.760420731885135,14.0,10.5,2.3178321340001276
fallback_off,thermal_range_3x,6.0,13,1,reached,732,73.2,39.744161569807744,2,63.800000000000004,73.2,9.399999999999999,1.2711121664456912,0.9966666666666667,17.702438661763956,0.4328293259262525,14.0,10.5,5.680748202999894
fallback_off,thermal_range_3x,6.0,14,1,reached,451,45.1,24.104799480773618,0,35.6,45.1,9.5,2.8414311797809297,0.9966666666666667,17.702438661763956,0.7136520125581174,14.0,10.5,2.8633980889999293
fallback_off,thermal_range_3x,6.0,15,1,reached,429,42.900000000000006,23.50830320901856,0,33.6,42.900000000000006,9.300000000000004,2.2476032869956084,0.9966666666666667,17.702438661763956,0.7317601150883801,14.0,10.5,2.5850843299999724
fallback_off,thermal_range_3x,6.0,16,1,reached,434,43.400000000000006,23.640707877452773,0,33.9,43.400000000000006,9.500000000000007,3.073613007176871,0.9966666666666667,17.702438661763956,0.7276617413884934,14.0,10.5,2.6079203870001493
fallback_off,thermal_range_3x,6.0,17,1,reached,684,68.4,36.68973564758288,0,58.900000000000006,68.4,9.5,1.2582849103719687,0.9966666666666667,17.702438661763956,0.46886243136225086,14.0,10.5,4.698016730999825
fallback_off,thermal_range_3x,6.0,18,1,reached,447,44.7,23.827685468520883,0,35.2,44.7,9.5,2.987543375877965,0.9966666666666667,17.702438661763956,0.7219517264692099,14.0,10.5,2.8118850200000907
fallback_off,thermal_range_3x,6.0,19,1,reached,593,59.300000000000004,32.61100464584809,0,50.0,59.300000000000004,9.300000000000004,3.1853079922820706,0.9966666666666667,17.702438661763956,0.5275041001827616,14.0,10.5,4.679914419999932
random_victim,,nan,0,1,reached,101,10.100000000000001,5.891619582303105,0,0.1,10.100000000000001,10.000000000000002,3.3395192305936217,0.6766145833333334,6.631370849898476,1.040693609668133,8.243679874024753,5.191211016674167,0.6644581660000313
random_victim,,nan,1,1,reached,361,36.1,19.125423921917196,0,29.1,36.1,7.0,2.9848072442981364,0.9966666666666667,13.442640687119287,0.6767243821606164,11.136173778157389,7.372384471088934,2.4927009729999554
random_victim,,nan,2,1,reached,148,14.8,8.166806720545843,0,2.6,14.8,12.200000000000001,0.6015801520203052,0.81796875,9.076955262170047,1.0502214091331883,9.9737141316685,3.350158665632324,1.0649640090000503
random_victim,,nan,3,1,reached,399,39.900000000000006,21.17275114698438,0,31.200000000000003,39.900000000000006,8.700000000000003,4.085058073950925,0.9966145833333333,14.476955262170048,0.6601388343508102,10.747163238479269,8.524117309844991,2.7106647709999834
random_victim,,nan,4,1,reached,347,34.7,17.96542938563896,0,28.5,34.7,6.200000000000003,5.768428504200805,0.9853125,12.076955262170049,0.6444018127072615,12.955278671221732,3.9013754672802667,2.4538441990000592
random_victim,,nan,5,1,reached,385,38.5,20.960937075491888,0,26.200000000000003,38.5,12.299999999999997,1.375367060599544,0.9966666666666667,16.11665222413705,0.7450359765831497,14.948391945053519,8.487747202883357,2.5834486650001054
random_victim,,nan,6,1,reached,113,11.3,6.275080717673177,0,3.6,11.3,7.700000000000001,3.5356184359844804,0.7130208333333333,6.835533905932739,1.00963385030081,7.318722741011637,3.0518828289489734,0.7555364899999404
random_victim,,nan,7,1,reached,216,21.6,11.991230734967093,0,2.3000000000000003,21.6,19.3,3.016749823874826,0.9322916666666666,12.746803743153547,1.0213133258658087,12.720220307025578,1.251174320972416,1.6353377249999994
random_victim,,nan,8,1,reached,114,11.4,6.690699299213952,0,0.1,11.4,11.3,0.6071032511946963,0.6753645833333334,7.407106781186547,1.0323445236879827,9.115338944933203,5.48958300114332,0.7556457860000592
random_victim,,nan,9,1,reached,102,10.200000000000001,5.951725149156288,0,0.1,10.200000000000001,10.100000000000001,2.444716045846346,0.66453125,6.689949493661167,1.040026099750028,8.32616002755799,6.648554349568881,0.6799410850001095
random_victim,,nan,10,1,reached,84,8.4,4.529203453140009,0,0.1,8.4,8.3,3.6252858541507655,0.42046875,5.048528137423856,1.0042666849665254,2.537672106633009,1.1391646663142607,0.4574961890000395
random_victim,,nan,11,1,reached,151,15.100000000000001,8.008864677307415,0,4.6000000000000005,15.100000000000001,10.5,1.4134635647787792,0.6475,8.201219330881976,0.9615868966674975,7.988162171162567,9.886631378477512,0.9937039290000484
random_victim,,nan,12,1,reached,208,20.8,11.718989837372273,0,2.5,20.8,18.3,6.496740064652748,0.9446354166666666,12.939696961967,1.061499082650995,13.130905009196423,1.7943031679919246,1.5399883280001632
random_victim,,nan,13,1,reached,85,8.5,4.869746614384352,0,0.1,8.5,8.4,6.003133472589913,0.6317708333333333,5.531370849898476,1.033189454875684,7.178614199826226,6.720245326886863,0.566242332999991
random_victim,,nan,14,1,reached,68,6.800000000000001,3.551988106476353,0,0.1,6.800000000000001,6.700000000000001,0.6294626600227945,0.4321875,4.248528137423856,1.0553324011950238,2.530723353071024,9.913130269766556,0.3974210740000217
random_victim,,nan,15,1,reached,111,11.100000000000001,5.975765837339803,0,1.4000000000000001,11.100000000000001,9.700000000000001,1.4112699914225753,0.6968229166666666,6.6284271247461914,1.0255467318435536,7.7548611483759045,3.9709097403808116,0.7400943899999675
random_victim,,nan,16,1,reached,127,12.700000000000001,6.458025058004442,0,7.2,12.700000000000001,5.500000000000001,0.7811617226435166,0.69625,6.687005768508881,0.9580337197422848,6.749982610984618,2.982382129292419,0.8304049270000178
random_victim,,nan,17,1,reached,324,32.4,17.38792505362118,0,23.6,32.4,8.799999999999997,2.854259686801474,0.973125,13.518376618407357,0.7487021354337027,14.371653066812419,3.280659270122526,2.1755976389999887
random_victim,,nan,18,1,reached,114,11.4,5.5430558010188635,0,3.8000000000000003,11.4,7.6,1.0741052582867803,0.67984375,5.98700576850888,0.9898882431420444,7.141633852600431,4.031273633832368,0.7596020480000334
random_victim,,nan,19,1,reached,74,7.4,4.203202223185602,0,0.1,7.4,7.300000000000001,0.6132503660778923,0.4451041666666667,4.852691193458117,1.0355654956232911,4.288757447131403,2.043059903659497,0.5184843629999705
random_victim,,nan,20,1,reached,87,8.700000000000001,4.70519236689634,0,0.1,8.700000000000001,8.600000000000001,2.809684655801162,0.431875,5.224264068711928,1.004053330943442,2.2350848824608534,11.041671186878371,0.4772716780000792
random_victim,,nan,21,1,reached,344,34.4,18.433711668551034,0,27.5,34.4,6.899999999999999,2.3093056921224715,0.9966666666666667,12.722539674441618,0.6630536429239028,12.897397955911293,5.732127624660518,2.4193175719999545
random_victim,,nan,22,1,reached,390,39.0,21.19391153724199,0,30.200000000000003,39.0,8.799999999999997,1.1153645872223266,0.9966666666666667,14.642640687119286,0.6672973350043386,11.17164618878525,8.523464112789117,2.787545042000147
random_victim,,nan,23,1,reached,397,39.7,21.70952006808561,0,29.400000000000002,39.7,10.3,1.8764409820791168,0.9966666666666667,15.549747468305835,0.6932326196574898,11.692356451882636,9.226382128505687,2.769220457999836
random_victim,,nan,24,1,reached,441,44.1,23.938439938834478,0,29.8,44.1,14.3,3.1311180400509313,0.9966145833333333,17.971067811865478,0.7298331828016406,13.146651415112432,11.089691895600184,3.052484055999912
random_victim,,nan,25,1,reached,338,33.800000000000004,18.584255223816715,0,26.3,33.800000000000004,7.5000000000000036,1.4626500616454317,0.9966666666666667,13.739696961966999,0.7124147189390523,12.31992634432026,7.126845991448964,2.2913074269999925
random_victim,,nan,26,1,reached,228,22.8,12.806940318642079,0,3.0,22.8,19.8,3.461064645937289,0.9441666666666667,14.105382386916238,1.062344482632743,14.14446592935839,1.3523585375101124,1.730701928000144
random_victim,,nan,27,1,reached,360,36.0,19.022639908682695,0,28.700000000000003,36.0,7.299999999999997,0.7924800985768563,0.9966666666666667,13.20538238691624,0.6679084736875556,13.241628550319014,5.93685427432322,2.4447839899999053
random_victim,,nan,28,1,reached,65,6.5,3.692236825944612,0,0.1,6.5,6.4,1.8860207158409252,0.4689583333333333,4.294112549695428,1.0275918714192316,4.337025339314965,9.299062674079265,0.44303962799995134
random_victim,,nan,29,1,reached,88,8.8,4.953182543016772,0,0.2,8.8,8.600000000000001,2.232167680824173,0.43203125,5.3071067811865476,0.9705087061577876,1.4543404157864401,11.076495527508973,0.5161331330000394
random_victim,,nan,30,1,reached,396,39.6,21.883701002624267,0,27.200000000000003,39.6,12.399999999999999,2.7381161710306654,0.9966666666666667,17.029646455628168,0.7553405364863078,13.063061394388699,10.106589779068475,2.7753292290001355
random_victim,,nan,31,1,reached,373,37.300000000000004,20.55270598562106,0,27.5,37.300000000000004,9.800000000000004,2.505343786671566,0.9965625,14.836753236814715,0.6975603721886984,13.513564746548559,7.777892067682377,2.7501783039999737
random_victim,,nan,32,1,reached,252,25.200000000000003,13.795313342277835,0,3.9000000000000004,25.200000000000003,21.300000000000004,2.406153009952716,0.9484895833333333,15.029646455628166,1.0532306222505186,14.93566248172418,1.077293302045721,1.941053975000159
random_victim,,nan,33,1,reached,167,16.7,9.284774013775534,0,11.5,16.7,5.199999999999999,0.8352911880138425,0.6677083333333333,9.01837661840736,0.9174565375278825,8.882945967763034,9.684105866656642,1.2167099949999738
random_victim,,nan,34,1,reached,111,11.100000000000001,6.539205742965831,0,0.1,11.100000000000001,11.000000000000002,3.1309832676383085,0.67375,7.141421356237309,1.01563119701218,9.045295706570485,6.0868854981221485,0.7168444870001167
random_victim,,nan,35,1,reached,82,8.200000000000001,4.774878643405762,0,0.1,8.200000000000001,8.100000000000001,0.5166889128456058,0.6397916666666666,5.465685424949238,1.0399605509989214,7.216093563866677,6.353732952745389,0.5535783569998785
random_victim,,nan,36,1,reached,98,9.8,5.145845669483044,0,5.6000000000000005,9.8,4.2,1.2222807575593864,0.62921875,5.8970562748477136,1.048818138261404,5.937701531327166,8.502724891753177,0.6933110390000365
random_victim,,nan,37,1,reached,138,13.8,7.720557293608686,0,3.9000000000000004,13.8,9.9,1.937972629491952,0.7692708333333333,8.225483399593903,1.000638050570429,8.066129492351283,1.9110726495015347,0.9126998770000228
random_victim,,nan,38,1,reached,377,37.7,20.224537191458776,0,27.0,37.7,10.700000000000003,3.139326077021639,0.9966666666666667,15.653910524340098,0.7492834264083875,13.381839598783975,8.687922244172793,2.6183486160000484
random_victim,,nan,39,1,reached,67,6.7,3.5635258634263813,0,0.2,6.7,6.5,2.7125776039767064,0.40932291666666665,4.131370849898476,1.019038724306286,1.136298947424263,2.1368552370645593,0.39019021499984774
random_victim,,nan,40,1,reached,153,15.3,8.335851866115139,0,5.7,15.3,9.600000000000001,4.968857230896251,0.6521875,8.197056274847714,0.9233676891663467,5.902534599100328,10.846020798488162,1.0642280910001318
random_victim,,nan,41,1,reached,166,16.6,8.909442970981504,0,3.8000000000000003,16.6,12.8,0.857332904733249,0.8227604166666667,9.239696961967,0.9809476294345927,9.43245719776998,1.7007445154421732,1.120377119000068
random_victim,,nan,42,1,reached,344,34.4,18.56552090086123,0,26.5,34.4,7.899999999999999,1.8919382748061682,0.98796875,12.97695526217005,0.6720498352185346,13.843601891590861,3.967314552403886,2.4560225249999803
random_victim,,nan,43,1,reached,371,37.1,19.67339155374393,0,30.5,37.1,6.600000000000001,0.6234151445361963,0.9966145833333333,13.115432893255072,0.6412434205252374,12.086910959497061,6.640732897873534,2.5553845790000196
random_victim,,nan,44,1,reached,119,11.9,7.003387255741572,0,0.1,11.9,11.8,0.3428270942806123,0.6636458333333334,7.804163056034262,1.0429471895968776,9.036861112912971,7.694012980946059,0.8365709950001019
random_victim,,nan,45,1,reached,423,42.300000000000004,23.437527154160833,0,30.1,42.300000000000004,12.200000000000003,0.6023555631435532,0.9966666666666667,16.576955262170053,0.6859492964604814,10.792369560882896,10.633097121462876,2.866099308999992
random_victim,,nan,46,1,reached,143,14.3,8.08274630219719,0,5.2,14.3,9.100000000000001,1.349896920940179,0.77015625,8.825483399593903,1.0300315125974853,8.082871674158119,1.3203845566193917,0.9760824119998688
random_victim,,nan,47,1,reached,63,6.300000000000001,3.5519055281961247,0,0.1,6.300000000000001,6.200000000000001,0.9287077581494267,0.4421875,4.1698484809835,1.033205543292497,4.0438081547753075,2.6296418127676917,0.41990470499990806
random_victim,,nan,48,1,reached,170,17.0,9.17499124297817,0,6.2,17.0,10.8,2.3109311609747607,0.8152604166666667,9.698275605729691,1.0025378076267202,8.96354303202835,0.8915363037525854,1.128961517000107
random_victim,,nan,49,1,reached,108,10.8,6.316807868226106,0,0.1,10.8,10.700000000000001,2.249047187500358,0.6641666666666667,7.097056274847713,1.0443655106293912,8.586049703945912,7.187815273833938,0.7658907889999682
random_victim,,nan,50,1,reached,106,10.600000000000001,6.153691156596163,0,0.1,10.600000000000001,10.500000000000002,2.008064339376334,0.6644270833333333,6.872792206135786,1.0356048173306143,8.470516294431382,6.896147307431278,0.7187523830000373
random_victim,,nan,51,1,reached,350,35.0,18.94995673977409,0,26.1,35.0,8.899999999999999,2.0443337496828247,0.9966145833333333,14.098275605729691,0.7175887413604619,14.376275950437496,5.4934291674898255,2.421737678999989
random_victim,,nan,52,1,reached,103,10.3,5.982254811201616,0,0.1,10.3,10.200000000000001,0.36310404885936687,0.6790104166666666,6.772792206135787,1.048566536214764,8.31833297602547,5.029963669181329,0.6982821480000894
random_victim,,nan,53,1,reached,131,13.100000000000001,7.266795969099715,0,4.800000000000001,13.100000000000001,8.3,3.078879080642535,0.6469791666666667,7.669848480983499,0.9866588399442531,6.804733797656911,9.934329436380448,0.8858204319999459
random_victim,,nan,54,1,reached,182,18.2,9.813407845186973,0,6.2,18.2,12.0,6.150248756583456,0.6247395833333333,5.355634918610404,0.4947959969881279,0.878945982663143,10.892012486389133,1.1619558160000452
random_victim,,nan,55,1,reached,63,6.300000000000001,3.519017921240704,0,0.1,6.300000000000001,6.200000000000001,1.8017963955761138,0.44447916666666665,4.0698484809835,1.0144445299456941,4.055457203576244,2.703540963040923,0.41378784499988797
random_victim,,nan,56,1,reached,120,12.0,5.899395344491047,0,5.800000000000001,12.0,6.199999999999999,2.054607648919118,0.6770833333333334,6.221320343559643,0.9698147029427866,6.305448436513662,3.2690412781015743,0.8080013969999982
random_victim,,nan,57,1,reached,64,6.4,3.4456006870418023,0,0.1,6.4,6.300000000000001,0.41128480883091817,0.43125,4.121320343559643,1.05099826488272,3.436123581056899,2.4356521225593046,0.41315004300008695
random_victim,,nan,58,1,reached,85,8.5,4.73547005669788,0,0.1,8.5,8.4,2.85205273616825,0.44015625,5.5112698372208095,1.0582412679672288,4.107513764110061,1.3504275921414197,0.5617768189999879
random_victim,,nan,59,1,reached,93,9.3,5.153201930987894,0,0.1,9.3,9.200000000000001,1.7308103375694945,0.45234375,6.094112549695429,1.0855605164734947,4.3720799814642906,11.076173551356124,0.6309679999999389
